15063	35048
15710	35676
622	20432
18572	38766
837	20611
12698	32711
3197	23066
17502	37694
5219	24955
16548	36663
165	19948
7479	27293
587	20402
6895	26634
9857	29814
446	32326
6632	26405
68	19839
14999	34989
5121	24356
3730	23357
13678	33417
4574	24199
11603	31503
11327	31220
14598	34619
12524	32564
998	20773
15605	35567
17947	32878
11701	31599
4086	23686
10451	30362
12990	32848
19625	32133
1192	20971
9363	29297
4444	24070
19064	39336
18736	38983
6154	25913
2273	22115
13415	33710
1346	32537
19331	26349
102	19884
10495	23871
5811	25689
3047	22770
9498	29431
6846	26576
15295	35288
11229	28340
7564	27380
6801	26515
14621	34651
12865	32717
6070	25820
9215	29086
14337	34393
13361	33237
10812	30706
7064	26826
2885	19765
14579	25448
9555	29484
8108	27964
19409	24689
5660	25494
1506	26425
11145	31040
6027	32037
14030	34062
19482	30254
903	20682
4674	24311
15884	35886
14101	34156
17273	37459
8716	28573
13751	33230
1553	21336
10625	20859
288	20079
5496	25343
10624	21313
3781	19679
6174	25936
5959	25795
19607	27773
14478	34542
1593	21364
15202	35183
11200	31094
14825	34817
15134	35113
5235	25003
10790	30678
349	20147
3172	22882
7763	27599
12591	32636
17316	37507
1273	21041
18178	38381
17370	37562
12081	32099
3361	23109
17324	37518
14548	28962
1608	21391
983	20761
6561	26371
3881	23470
11581	32887
3811	23396
17109	37251
14092	34147
2224	22061
10635	30723
13892	33939
9801	31724
10776	30664
6674	30975
1894	21710
18205	38409
18054	38206
96	19877
17320	37511
10308	30239
13057	32935
11908	31906
13265	33142
10275	29598
8912	28791
12837	36086
14278	34336
16716	35696
8655	28520
17110	37252
1073	20854
18905	39154
7138	26899
8663	28527
1996	21809
18006	31874
18322	38530
3767	19703
12008	32011
17022	37154
12268	32296
5041	24771
11546	31455
13558	33643
13376	33248
13236	32959
16846	36972
6068	25818
2620	22509
727	20497
11255	31151
17794	22963
7892	27775
19608	39605
898	20678
18354	38567
224	20002
5636	25468
6668	36252
6885	26623
4970	24681
7380	27199
13972	34007
6804	26521
14040	34076
7478	27292
12271	32299
9444	29374
4996	24716
15437	35356
1859	21674
16686	36819
986	20764
15801	35799
17488	37679
8590	28459
18352	38559
13449	33364
14444	34502
9553	29483
15085	35070
11504	31408
16101	36160
7466	27280
11	19672
18048	38184
3385	23130
7395	27217
14638	34669
4684	24325
15422	37447
874	20648
4534	24163
19302	39583
6874	26612
18671	38890
6420	26233
8682	28542
7919	27778
4079	23679
5680	25517
11139	31035
9784	28634
9	19670
976	20751
13827	38473
1986	21800
17783	38042
18965	39212
5790	25675
5078	24807
18688	38919
11729	31642
12139	32188
8173	28013
18337	38543
2572	22451
9211	29156
15799	35796
13630	33432
16851	36980
592	20407
1257	21040
12420	32458
9598	29527
18392	38598
7261	27024
8491	28345
12367	32403
6797	26505
12517	38327
11183	31076
16348	36443
847	20622
4209	23849
6250	26038
15923	35930
10782	30670
9632	29580
14341	34397
14187	34246
4342	23986
14964	34955
19560	31440
15494	35427
7427	27237
4210	23850
1	19662
9199	29142
10011	29947
12436	32470
2074	21895
15299	35292
11677	31579
11625	31533
5298	25105
10246	30191
5961	25797
19020	39287
5140	24890
14573	23254
10662	30549
2597	22481
18650	38862
409	20217
14814	34806
16252	36353
1932	21752
12310	32342
6769	25844
60	19832
19561	30978
15889	26523
1939	21759
6295	26095
7866	27731
12362	32397
11131	31027
17331	37524
3796	25074
15265	35258
3948	23966
9262	29203
4578	24202
490	20303
6733	26442
10943	30836
4144	23747
6197	25890
615	20426
12537	32584
1327	21076
11626	31534
5348	25175
3004	22724
18043	38228
16374	36473
18857	39108
13769	33813
5746	25568
5829	25576
6146	25906
15469	35387
1451	21215
17033	37166
14563	28984
9615	29558
4946	25998
9902	29831
5622	25441
8143	27999
12065	32078
5400	25229
11199	31092
9679	27254
11998	32002
14034	34067
2762	22662
8517	28373
1049	20822
5978	25802
19039	39307
16151	36240
5912	25744
19633	39613
7933	27790
9791	22290
2544	22428
4701	32532
8424	28263
13403	33283
2771	20891
697	20463
16481	36590
9420	29345
17746	37991
11031	30928
6557	26314
19054	39326
7545	39353
3971	23568
12788	33261
17024	37156
5133	24883
12424	34829
9986	29914
3271	23010
6437	23045
12160	31835
9718	29670
9443	29373
18395	38601
16795	36915
18751	39001
17136	37283
15707	35673
8784	28648
11616	31521
9820	29753
8562	28428
4249	24341
14350	34405
19458	25273
5424	31206
6880	26618
2739	22631
17450	37635
13826	33869
12168	31833
7274	27037
3764	19774
7936	27795
13315	33196
9422	29348
14050	34085
8900	28779
10715	30597
14941	34932
3167	22876
1509	21277
3364	23112
15480	35398
2070	21891
18014	33637
12458	32492
2270	22110
4268	35632
16771	36889
16573	36681
7262	27183
10151	30061
2454	22335
19569	33354
5576	25392
19436	38302
3630	21478
17850	38083
14255	34314
2424	22276
2791	19768
4369	24009
5379	25204
8200	28169
4416	24039
17699	37915
12473	32513
9580	29509
6936	26678
9810	29737
9348	29282
12135	32184
479	20277
16300	30424
17218	37393
9252	29192
7572	27385
5608	25420
19150	39430
17433	37617
17832	37969
1825	21636
15917	35923
876	20655
13913	33955
18401	38609
441	20246
2352	22203
14839	34831
3823	23405
16360	36459
18096	38276
18170	38371
12565	32612
18351	38557
15763	35753
18463	38669
5443	24401
7388	27210
1322	21066
3997	23594
1828	21640
3163	23200
17337	37530
5029	33544
13809	33964
4613	29456
17543	36597
3860	23445
3836	23420
9651	29610
5236	25007
10464	30372
17697	37914
358	20155
8721	28580
3658	23273
17674	37875
10578	30495
10683	30577
3072	22794
1000	20775
2133	21962
8262	28079
12452	32488
10600	30548
9054	28940
4909	24625
8355	28187
11654	31553
5205	24941
18259	38462
6166	25928
6374	26178
2760	22660
13717	33748
10014	29951
3011	22735
11354	31246
16699	36832
14105	34160
2312	22155
608	20423
4524	24153
17989	29551
4283	31848
19100	38604
10615	30504
8041	27904
11949	31919
19023	39290
16487	36598
520	20317
10946	30839
17808	36251
17778	38036
19411	20888
14314	34373
9283	37218
11886	31879
3295	23037
12758	23067
2128	21956
19332	26350
18228	38431
2094	21915
16328	32594
6534	26285
5921	25756
11861	31819
3848	23433
7379	27197
16670	36799
18810	39045
14267	34325
3670	23290
1753	21561
2710	22585
12969	32831
5756	25599
4870	24554
11936	31941
8928	28809
19516	36791
17257	37433
18659	38873
14993	34982
7795	27635
14724	36336
17664	37865
2124	21952
13072	32951
17781	38040
13281	33159
2165	21997
10940	30832
9693	29642
11098	30994
3242	22974
18166	38365
12298	32328
4102	23705
1147	20929
4770	24424
2722	22599
16923	33726
4494	24121
8327	28145
7230	26507
11629	30222
6107	25853
1746	21554
18190	20809
2027	21846
1413	21167
7938	27798
202	19981
17553	37749
3362	23110
46	19811
13736	33768
5075	24804
1969	21787
6666	38802
6196	25920
9119	29045
17361	37553
4056	23650
15020	35009
14554	28970
11587	30311
14557	28974
12810	25609
17617	37815
3171	22881
15308	35301
12580	32631
16294	27858
19587	24753
11895	31891
4998	24720
8958	28843
2647	22531
922	20709
18361	38558
9573	29493
17233	37408
2846	21482
3774	19748
12578	32630
8776	28641
14388	34430
5295	25100
8329	28147
15805	35801
7297	27060
3923	23512
17309	37501
14723	26048
6775	26485
2195	22032
19133	39411
18450	38655
17979	38171
2659	22544
15632	21212
16321	36429
17389	37576
6937	26679
9007	28893
4767	24419
5566	25389
8698	28552
5569	25383
1181	20957
8768	28627
8951	28835
16984	37110
14207	34267
8585	28453
14015	34044
19513	36038
10365	30299
9942	29866
1177	20953
6309	26110
18737	38985
18045	22340
16883	37006
7137	26898
13452	33368
4956	32530
11243	31138
18431	38639
4443	24069
15287	35280
9916	29844
1390	21133
5940	25776
19370	24669
9131	29065
2614	22501
10273	29599
9577	29504
739	20515
16453	36558
4250	23897
8630	28495
19217	39521
8259	28076
7211	24958
4707	24336
11220	31115
15508	35445
9856	29810
14721	34713
15682	38104
6640	33304
14685	36092
13203	33097
26	19787
19068	39340
15385	22180
7785	27625
4442	24067
6536	26289
15077	35064
7457	27274
13270	33148
4185	23790
15413	22184
423	20229
10804	30694
6474	33650
17620	37818
3975	23570
16483	36592
14746	34736
4874	24559
17067	37201
6377	26179
7433	27243
18818	39056
16365	36465
10823	30722
6619	26395
14209	34270
17710	37928
14774	34766
19254	39558
3503	23218
6573	26336
10047	30022
2339	22188
19108	39386
12043	32050
16049	29499
14952	34945
11596	31494
10740	30627
8895	28775
7317	27123
16204	36296
8944	28827
607	20421
11429	31328
2905	36040
8321	28138
663	29408
5363	25190
14908	34900
8941	28821
2947	27256
465	20264
19010	39265
5428	25260
14702	23517
8339	28170
6275	26068
18770	39017
17916	36451
16772	36890
12947	32808
19086	39360
1492	21260
8845	28714
18953	39200
3673	31716
6351	26153
195	19973
12878	32737
5682	25520
16717	21130
6081	25832
6099	25843
19118	39397
6777	25861
16626	36733
7002	26750
5895	25365
8273	28091
14898	34890
11479	34440
665	32318
6134	26483
1107	20887
14412	34453
15850	35853
5118	24850
14610	34632
8462	28314
17711	37929
12339	19821
5432	25265
16415	36522
3716	32119
6993	26737
493	26272
18417	38625
4695	32604
11557	31468
18871	39118
7713	27542
12015	32018
4669	24306
5399	25228
7240	24319
2699	24228
149	19929
6917	26655
17349	37542
12205	32244
17475	37665
5869	25723
14820	34812
15753	35743
13342	33217
19395	39598
16402	36505
18147	38344
17733	37963
13278	33155
19593	27206
6291	26088
5513	25359
16910	37039
18677	38900
9682	29630
4862	24535
7717	27551
3842	23427
8887	28766
2334	22178
7231	26510
2971	22721
1193	20972
18836	39078
7677	27516
2175	22011
18276	38481
5867	25721
3912	23497
2287	22131
5137	24887
1109	20893
912	20692
7219	26975
8560	28425
11130	31026
17418	37604
5019	24748
8406	28246
7708	27532
6423	26236
5515	25362
11172	31064
8693	28554
1856	21671
2874	19762
18307	38510
10694	30578
18474	38680
12378	32416
5841	25583
1658	21446
5153	24906
16908	37038
9243	29181
7185	26934
12117	32166
17381	37571
3243	22975
2937	29721
1250	21032
7448	27263
8057	27920
9508	29441
5409	25237
8837	35963
18781	39029
4744	24380
11391	31290
12153	32203
18814	39051
8451	28328
3877	23466
11841	31799
10007	29938
3656	23275
6286	26081
7280	27040
13130	33023
11208	31103
17407	37591
5880	25041
12546	32590
11260	31156
11453	31354
16525	36492
9523	29457
12967	32829
9473	29400
15561	35512
7692	27531
2628	22508
17941	38214
14963	34951
8072	27932
356	20154
10975	30869
10154	30084
13626	33421
7811	27662
13037	32909
19622	22100
4697	27106
13774	33820
18519	38716
17646	37845
16880	31187
18618	26177
11606	31508
13218	33110
2310	22153
14896	34884
396	20196
9125	25403
9852	29785
12501	38291
14525	34587
10775	30663
8371	28204
9367	29301
4609	24235
9974	29902
13036	32908
8996	28881
11600	31500
5973	25801
17083	37224
6373	22350
15406	20653
2288	22132
11646	31545
7691	27528
17852	38088
12901	32760
15961	35980
4623	24249
10756	31405
8916	28795
11525	31429
15601	35559
14624	34653
12731	29130
17285	37473
14389	34431
3810	23395
13502	33506
17427	37611
14078	34117
8555	28436
10766	30654
4561	24187
12801	36766
1264	29542
4914	24630
17012	37143
2161	21992
18586	38769
6221	26008
8243	28059
3732	19702
15481	35393
15738	35718
551	25624
17654	37854
4954	31344
9979	29907
16464	36569
16111	33811
11409	31307
15862	35865
13466	33380
18938	39185
17603	37793
6364	26166
6559	26315
11427	31327
15723	35706
12021	32025
10650	30537
16902	37032
18709	38954
6601	26376
6192	25960
9128	29064
9035	28922
18420	38628
2390	22247
16203	36295
9766	24206
11548	31457
19112	39390
17364	33341
7396	27218
15407	24366
16417	36526
1982	21796
13002	32865
2174	22010
3122	22836
2514	22399
14510	33796
12631	32685
13957	33993
12651	25641
19225	39532
5439	22614
19339	33263
14246	34988
11179	31071
11914	31917
2579	22459
18794	22265
9105	29031
17052	37185
13658	33418
13961	33997
18819	39057
8897	28776
3360	23107
1671	21460
11372	31269
6950	26695
7288	27050
19030	39298
3241	22973
18831	21642
14686	36093
2813	21139
14002	34031
4842	24509
3598	23378
14697	29830
15712	34696
7739	27576
4293	23942
19317	30638
10497	30409
14259	34317
7086	26860
14171	34229
566	20384
3635	23256
8619	28486
1655	21442
1061	20834
12914	26293
1085	34495
18809	39044
1808	21613
3061	22785
18258	38461
5955	25790
11387	31287
15720	35701
6933	26674
11403	31299
13118	33013
3225	22947
10720	30603
3699	23315
18419	38627
13392	25642
5623	25442
14511	31832
13450	33365
17479	37669
16312	23759
13316	33197
13646	33420
5331	25141
9900	29826
15349	35341
16766	36886
6159	25921
19247	24342
1233	21014
17076	37213
5266	25025
30	19791
16190	36282
16396	36497
5211	24947
18302	23877
12670	23071
8920	28800
15309	35302
3753	19770
10774	30662
13881	33388
357	20162
19418	21134
14054	34088
2991	23003
6796	26501
19137	39415
14365	34428
15242	35222
13277	33154
1544	21325
3069	22792
8231	28047
3066	22790
13549	33518
12509	32550
2753	22646
18227	38430
4401	32140
16206	36298
14632	34662
8351	28183
9951	29877
10520	30432
3327	23070
12103	32152
7165	26927
4777	24434
19347	24583
10397	33358
19515	36790
6413	26222
14140	34198
14675	24391
4752	24397
13031	32903
3986	23581
16195	36287
6657	25873
17234	37410
13205	33099
9775	36848
16544	36196
17246	37421
6984	26734
10631	30512
169	19956
11899	37299
18637	38848
13548	33517
14483	34547
14503	34621
10897	30790
3045	22756
6078	25829
3962	23558
13525	35689
13614	26449
8657	28522
4879	24566
18731	38976
15408	22183
4055	23649
15595	35551
7252	27011
7073	26835
4324	23972
3221	22943
17135	37282
11657	31557
3634	27444
15692	35657
8199	28152
1897	21714
9533	29466
387	20187
2243	22080
17975	38164
5450	25279
6182	25945
3524	23241
654	26263
11460	31360
4498	24126
2451	22332
13475	33391
2795	19717
19101	39378
14000	31873
9345	29279
7438	27249
6820	26537
2082	21904
5116	24851
10606	30557
3332	23090
15527	39486
15745	35722
9930	29856
2913	36780
10018	29957
10521	30433
14417	34461
16537	36650
12221	32258
18080	38259
16435	36542
17071	37210
15688	35653
7177	26941
17788	38049
18705	38949
19272	39570
11362	31255
4898	24613
3409	22313
3223	22945
2041	24388
18460	38665
16798	36918
13132	33025
13299	33175
1776	21582
8914	28793
4780	24438
11019	37280
6987	26555
12439	32473
17382	39024
5502	25348
12156	32242
10054	30002
4995	24715
11437	31335
14603	34625
7656	27490
12478	32515
18381	38585
4080	23680
11544	31454
17027	37160
15411	37368
18613	38816
2735	22623
14135	34194
4009	23609
17863	38125
3763	19751
8982	28857
7712	27546
13147	33072
3513	20085
3286	23028
5228	24978
14808	34800
11295	31198
17777	38035
11838	31794
4315	23962
8127	33307
2457	22341
9546	29477
9730	29691
18517	38713
15369	36220
1815	21622
14290	34352
8636	28498
4927	24646
2530	22419
16529	36642
8417	28257
18537	36368
1386	21145
1532	21311
5021	24750
8626	28492
15986	36001
18142	38338
8614	28480
12282	32305
4290	23939
19420	21193
12364	32399
18923	39169
11926	31930
3636	23257
2995	22712
187	19967
11231	31125
15904	35910
18199	38399
19659	39652
5683	25521
5325	25135
4332	23979
12638	32695
768	20484
16309	35458
1032	20805
16754	36872
17141	37288
13049	32922
2984	33532
7679	36083
11649	31548
17282	37469
3384	33016
13417	33295
15475	35392
3776	19771
223	20001
6176	25938
6216	25992
12817	27505
3719	31867
5435	25268
15158	35140
10751	37740
1291	19853
2505	22390
1804	21609
12305	26279
18711	38956
14338	34394
7530	27345
17924	38249
17133	37278
18448	38653
3078	33530
11741	31653
12903	32762
5749	25586
16506	36619
10361	30294
8759	28618
1630	21410
12373	32411
11234	31128
10709	30591
2103	21932
5303	25111
9154	29094
13927	33966
12746	22960
15234	35214
12214	32251
9033	28920
18482	38687
7168	26930
438	20242
4560	24186
3222	22944
11136	31033
18017	35447
4222	23867
453	20257
6960	26706
4745	25755
7222	26979
968	20743
11491	31389
10301	30231
4860	24534
14902	34894
9448	29376
15056	35043
12919	32780
3818	23402
14032	34065
19227	39534
15512	35451
7187	26949
17207	37383
3794	19692
5359	25188
5083	24811
10926	30820
11664	31563
5621	25440
12589	32640
10424	30819
9272	29211
8272	28090
11971	31973
16340	36421
11515	31419
5778	25661
6002	28675
336	20133
19577	38456
12639	34254
4398	25157
7374	22507
13310	33192
13003	32866
11987	31989
14179	34236
5180	24970
6086	25835
2283	22126
13334	33209
7258	27019
2797	19734
13816	33863
2427	22278
13899	33945
8932	28812
11554	31464
10851	30749
12995	32855
2493	22377
7028	26783
9828	29762
4272	23922
18617	38820
18608	38811
1094	20873
1033	20806
8766	28625
18615	38818
6847	26577
12066	32079
7468	27282
13989	34021
2475	22358
132	19918
8995	28879
4831	24492
13134	33028
473	20270
16134	36189
12193	32231
13075	32954
11718	31626
84	19864
10805	30695
2926	22386
12760	36039
12962	32822
16522	36637
17604	37797
10819	30718
4266	23921
10733	30619
13577	25655
1191	20970
15244	35224
7758	27597
4499	24127
2322	22164
10118	30049
12410	32440
17010	37141
7195	26956
6270	26063
8030	27890
13103	32994
4505	24128
19252	39556
8901	28780
8263	28080
12963	32823
5371	25197
13923	23188
4235	23883
1299	19805
14383	36245
3766	19700
5774	25658
5995	27002
1732	33298
9104	29030
13256	33133
9769	30945
2	19663
7787	27627
11363	31259
17973	38162
9172	29112
12446	32480
3429	23148
5766	25615
13510	33512
18082	38261
16421	36528
17532	37723
7979	27842
9686	29634
6925	26667
11882	31861
4746	24381
13125	19757
8761	28620
17663	37864
4277	23927
422	20228
2949	22674
4730	24352
2104	21933
15932	35938
10300	30257
18835	21644
14053	34087
6911	21941
13000	32862
5316	25122
4367	24007
13846	33893
8257	28074
8	19669
5151	24904
15705	35671
6605	26302
13207	33101
17197	37373
11122	31018
6354	26155
10566	30465
16259	34704
17907	32688
6824	27207
10628	30510
6881	26619
14996	34985
2519	22404
14521	34583
11868	31829
16783	24659
16848	36975
18854	39088
12806	33658
18779	39027
6084	25825
4535	24164
687	20343
9890	29786
186	34593
3422	23144
730	20501
9344	29278
844	20605
3348	23094
14147	34204
7942	27804
2362	22217
2278	22122
3605	38923
11251	31145
9284	29222
14221	34283
1348	21092
10550	30463
4918	24634
14072	34111
5639	25472
13262	33139
12643	32698
19047	39316
2806	31725
11167	31059
213	19992
13981	36365
15293	35286
2439	32575
16804	36924
9189	29131
16397	36498
11059	27465
8224	28041
15768	35759
8418	28259
16697	36829
5655	25489
3518	23225
9513	29445
15182	35164
6481	25302
6341	26142
982	20760
16043	36100
9293	29229
9414	29335
2838	35592
15517	35457
11797	31747
5201	24937
2982	23349
18377	38579
2046	21865
12198	32236
8439	28277
4547	24174
10779	30668
12417	32445
14326	34383
10255	30201
14361	34415
6913	26651
9352	29286
3596	36691
13396	33277
8903	28782
16762	36880
18896	33576
15603	35562
15138	35120
4153	23757
1496	21264
2114	21945
6350	26152
4747	24382
16873	36997
5956	25792
4158	23763
1524	21302
13335	33210
7953	27812
5791	25677
15080	35066
14362	34416
951	20728
2484	22367
814	20593
2040	21861
142	19942
17066	25416
2071	21893
19446	21857
7639	27458
9723	29675
18822	39061
17306	37497
11702	31600
10799	30690
18743	38992
15640	35609
8694	28555
14907	34898
2915	20438
11020	30924
19456	23486
5244	27508
5770	26585
8003	27866
8322	28139
10983	30880
14447	34506
262	20047
6296	26094
2102	21930
19215	39519
3428	23146
6997	26744
3411	22314
17128	37273
10329	30263
11413	31313
11653	31552
12929	32791
9337	29272
8261	28078
1621	21402
17031	37164
7241	26995
5830	25577
14474	34538
13567	33652
674	20456
18635	38846
865	20639
1419	21173
12445	32479
5764	25613
2872	19739
3095	22494
1961	23198
2385	22242
14542	28976
2570	22448
9429	29358
1134	20924
590	20405
5571	25385
2787	20205
788	20558
1780	21586
1792	21598
6660	25981
14501	34569
11337	31230
18059	38237
15425	36228
5907	33545
8051	27913
13220	33112
9458	29384
11400	31296
4039	23634
11284	31188
2567	22445
12142	32191
6155	25915
2927	22387
3959	23555
2520	25600
6763	26474
5358	25187
8692	28553
18870	39117
9654	29612
8564	28430
14534	38072
10082	30025
9564	37325
12744	39246
2177	22013
101	19883
6317	26118
851	20625
15674	38103
14268	34326
5721	33546
19148	39427
14819	34811
6533	26284
6302	26102
9126	29055
15386	29952
1142	34592
536	20347
17245	37420
5651	25485
1335	21085
6653	25852
18018	38247
12497	32540
6308	26109
18277	38482
14166	34223
12935	32797
2634	22520
8431	28269
6790	25874
711	20299
12264	32293
4563	24189
6868	26606
11532	31436
4480	24107
18930	32810
2655	22538
4805	24462
5148	24901
7254	27013
11539	31446
17453	37638
15686	25647
19191	39485
4361	24000
11089	30984
3177	22895
5902	25734
8144	27942
563	33584
17703	37920
12197	32235
5909	25740
13666	33446
9276	29213
11704	31602
6441	23935
11412	31315
15485	35407
9631	29579
9525	29459
19324	38120
12299	32329
16785	36904
14487	34553
116	19901
567	20385
18548	38737
6918	26656
1053	20827
54	19824
9196	29138
1268	31711
8709	28567
11317	31209
11890	31885
19179	39470
10617	27475
9379	29313
326	20122
3311	23052
7281	27042
1918	21736
6385	26187
11353	31244
19556	29706
1527	21306
16605	19746
6627	23240
4675	24312
8180	28020
3450	23165
1661	21449
1221	21003
15791	35787
14144	34202
12944	32805
17473	37663
13889	33937
5448	25278
5470	38932
11201	31096
18904	39153
738	20514
13579	33674
10557	30488
10575	30480
5984	24207
3126	22840
9946	29870
5782	25665
4132	23736
9148	25027
10629	30511
5646	25478
17557	37752
2121	21966
13303	33179
10504	30416
15843	24386
15421	26378
17117	37262
13744	32927
996	20771
7531	39241
1388	23149
8689	28549
12003	32006
18268	38470
18783	39032
6638	26344
8606	28189
3121	22835
18885	39131
7024	26781
1701	21506
129	19915
10028	29967
18283	38933
287	20078
2673	22577
18275	38480
616	20427
4557	24184
9339	22120
16031	36057
7315	27121
4880	24567
9382	29316
1288	19847
11905	31902
9833	29766
9423	29349
6977	26726
18599	38795
8121	27978
7349	27158
2977	22728
3480	23203
9167	29107
7150	26912
12261	32290
19208	39508
17986	26773
8245	28061
16860	36897
17406	37589
70	19842
4101	23704
6305	26105
14827	34819
4216	23856
10418	30323
7521	27337
3329	23073
8253	28070
17087	37228
5239	25010
14325	34382
8313	28129
17404	37587
15239	35219
3683	19684
4045	23639
8557	28422
5731	25548
5887	25731
13840	33887
7010	26757
12159	31851
13288	33168
8598	28467
15274	35267
12108	32157
15279	35273
2880	24034
17026	37159
12783	22959
14343	34398
9875	29795
5550	25373
15305	35298
11784	31698
10245	30190
3610	39240
19115	39393
8375	28208
10309	30240
10064	29977
3684	19686
10534	30447
6920	30905
1556	21338
15355	36213
3841	23199
853	20627
4736	24360
14184	34241
3041	22765
1507	21274
18370	38576
2057	21879
18696	38941
11478	21783
13941	33976
18754	38404
2152	21979
16992	37119
7789	27629
3557	27039
7110	26847
15255	35248
8170	28229
10599	30547
6103	25848
5076	24803
14891	34883
15122	35105
14832	34824
10925	30818
15014	35002
3032	22755
16681	36812
51	19816
3438	23153
15726	35714
9253	29743
9397	29330
15456	35374
7004	26752
4594	24219
15846	35848
12457	32491
518	33297
12219	32255
2257	22092
2644	22528
18989	39234
3952	23548
319	20115
16295	36412
2869	19711
6731	26093
5743	25562
7961	27820
4012	23613
2898	29720
18772	39019
15645	35615
55	19825
18755	39003
9437	29365
14272	34329
18236	38440
7548	39362
9839	29771
13504	33478
13556	33642
756	20532
7473	27287
5719	25542
2598	22482
18365	38571
232	31178
7998	27861
14905	34897
14249	34309
15526	35469
14252	34311
17999	38197
2851	23507
17122	37267
618	29530
18220	38423
10343	33611
6043	36158
3224	22946
13654	33440
988	30562
18985	39229
1407	21162
12253	32276
18504	38698
18483	38688
19093	39370
17051	37184
3998	23597
2012	21825
17651	37850
4844	24511
15905	35911
5354	25183
11219	31114
613	26001
8504	28359
3038	22761
19474	26438
5038	24769
16885	37009
8838	28706
19430	27350
2805	25371
2968	22702
7814	27665
5657	25491
3951	23547
4937	24653
12761	23830
11431	31330
17039	37172
14375	26229
15451	35370
18175	38378
4646	24276
18000	38199
256	20010
13718	33749
2939	33514
6563	26318
18374	25607
15079	35063
4071	23671
11014	30916
11528	31432
9312	29244
15300	35293
19320	24827
2372	22228
14055	34089
13652	33431
17680	37880
4298	23947
7858	27724
17740	37985
2063	21884
9554	29353
8791	28655
2889	31785
16499	36612
384	20182
6179	25942
11549	31458
10979	30875
7	19668
10519	30431
3214	22937
4735	24713
16323	36431
1790	21596
3651	24855
16837	36962
13888	33982
7386	27208
1691	21496
8680	28540
9526	29460
4365	24004
4237	23885
10789	30677
11903	31900
11945	31907
17118	37263
6297	26096
13290	33169
3583	34457
19281	26455
16037	36062
16603	36711
17756	38011
8880	28757
8441	28280
19286	34093
13421	33325
12832	32713
3666	23279
3724	23345
19167	39461
1758	21565
4236	23884
8125	27981
7912	27770
14224	34285
3153	22862
17035	37168
10747	30630
3873	23459
12627	32677
15617	35580
14403	34446
14454	34520
14984	34973
12849	38084
17252	37428
11934	31935
12128	32176
18718	38963
4938	24654
18208	38412
16433	36540
16648	36754
17676	37876
7631	20469
7517	27333
9607	29545
10885	30779
10215	30155
2076	21897
13953	33991
3750	19737
12437	32471
10386	27105
17531	37725
13168	33054
11165	31057
12013	32016
11679	31581
15374	37442
2319	22027
599	20413
6001	28663
1392	21148
7200	26960
401	20200
4118	23722
18620	38826
2559	24399
5014	24741
9761	36945
16900	37028
12649	24863
7533	37546
11709	31608
18842	39085
1555	21334
6004	29028
17001	37131
4756	24406
4317	23964
13690	33717
8240	28056
10079	29979
7672	27504
12215	31999
8020	27882
10146	30077
12064	32076
5638	25471
12460	32496
5061	24787
7000	26749
5788	25672
9630	29576
19211	39513
14734	34724
424	20230
12897	32757
15184	35166
1718	21521
16157	36254
2728	22607
3865	23450
6311	26112
7455	27272
14476	34540
1663	21451
13893	33940
18294	38709
15211	35191
6849	26579
7800	27648
7917	27776
6616	26392
3207	22930
1196	20974
2182	22017
3967	23563
4465	24093
10347	30280
11245	31140
8558	28423
3237	22969
3105	22822
8289	19767
15017	35956
16461	36566
2626	22515
2992	32940
16901	37031
7688	27525
8779	28643
11095	30992
2868	19706
16608	36717
13105	32996
15448	35367
5800	25687
14330	34387
18959	39207
11570	31475
13439	33347
15367	36219
16423	36530
7267	27031
16959	37085
879	20660
6930	26672
5923	25759
6029	32215
1262	29543
8174	28014
14271	34328
7951	27810
4775	24431
18527	38723
3414	22280
9370	29304
2736	31712
19503	34124
4843	24510
13788	33833
18056	38252
9474	29401
6304	26104
475	20272
3430	31162
9695	29644
15741	35720
12529	32570
12430	32463
8302	28116
18520	38718
950	20727
767	20539
5624	25443
6273	26066
1876	21694
10046	29990
13067	32946
6610	26386
391	20190
6760	26472
17776	38034
16371	36471
3169	22878
15539	35483
12751	23824
14232	34294
8846	28715
519	20263
16835	36959
8031	27893
3715	23336
11617	31522
11502	31400
19392	39596
18491	32211
3663	23284
857	20631
12191	32229
242	20021
5373	25202
4129	23733
771	20512
2232	22069
14313	34372
6669	38800
11256	31152
9483	29417
17570	37765
8369	28202
6805	26524
14772	34764
15959	35975
1755	21563
5718	25541
11181	31074
11990	31991
11319	31212
12727	23233
2022	21840
17993	38190
8260	28077
14049	34084
1075	20856
7834	27685
14241	34304
1516	21288
14929	34921
12479	32516
11714	31620
15248	35228
16781	36899
9818	29751
2240	22078
5892	37199
16515	36631
4680	24316
4955	24667
388	20184
3473	23195
8389	28224
18879	39126
15896	35897
2180	21923
9357	29291
18628	38840
3346	23092
18458	38662
7399	27219
12981	21140
2388	22245
8649	28515
1187	20967
18950	39198
17088	37229
8851	28723
4436	24059
10307	38501
8306	28121
16441	36547
1590	25775
6210	25986
17855	38096
14047	34082
5992	26713
12097	32136
3326	23069
19239	39544
6567	26323
901	20680
14127	34184
11174	31066
10318	30249
2069	21890
14026	34057
12023	32026
3930	22630
16584	36694
15555	35506
3353	23098
15426	37448
7556	27368
19067	39339
2954	25996
2596	22480
635	20437
16508	36622
2072	21902
13844	33891
8789	28653
14951	34942
12846	27177
10211	30150
18619	38824
13743	32925
18332	38541
2411	21441
7356	27166
10221	30162
8399	28239
6452	35643
19274	24373
8985	21223
14911	34902
3765	19784
11058	26228
16701	36834
13951	33989
14677	36082
17879	23589
12825	36075
2633	22519
11697	31597
19328	23659
5165	24921
16202	36294
17526	37719
18244	38891
9738	29699
2518	22403
178	19958
4023	23623
11682	31584
18297	38506
9515	29449
10196	30132
9487	29420
5570	25384
10447	30353
17165	37314
9412	39284
14652	34050
11782	31696
16786	36905
10053	30001
15240	35220
11134	31031
13800	33851
16985	37111
13173	33068
659	23309
14499	34566
1882	21699
12415	32453
2346	22196
6663	25983
18296	38504
12978	32841
6440	22325
4668	24305
5195	24931
10936	30828
6152	25914
18895	39141
1443	21205
7298	27061
1975	23354
4403	25124
5853	25704
8392	28231
10528	30440
10918	30812
2309	22152
2951	22676
10026	29965
1835	21649
3582	34137
6670	20363
3484	23207
10856	30754
18385	38591
2985	22718
5312	25119
13163	33051
8091	27948
8553	28419
10219	30159
16635	36742
2244	22081
6525	26265
4082	23682
17790	34589
3552	23367
12932	32795
11028	20045
17576	37770
9744	29704
11064	30906
1031	20804
4190	23796
6426	20616
10536	30489
18767	39014
10379	30316
3813	23398
16647	36753
12794	23271
7083	26829
17757	38012
348	20146
11408	31306
19536	22006
2775	22658
333	20130
3189	22912
17342	37533
12124	32173
11780	31694
2577	22455
6357	26159
16362	36461
7603	27420
5342	25153
12278	20837
34	19795
11776	31690
7842	38078
6532	26283
15522	35467
12024	32028
1189	20968
15497	35432
16691	35977
7160	26922
14611	34633
617	20428
16257	36359
780	20548
4908	24624
4478	24105
11884	31865
9185	29127
1912	22889
19485	30685
13064	32943
9958	29884
2044	31515
13434	33338
5706	25536
15931	35937
4519	24147
17874	22841
3928	23526
16782	36900
18229	38432
3201	22925
4884	24575
10019	29958
6825	26543
18906	39155
1585	21385
4763	24414
15071	35055
9112	31870
16556	36671
4220	23865
10830	30727
4523	24151
9957	29883
71	19843
4569	24195
6454	28798
16723	32519
3324	23065
17278	37467
8877	28753
4333	23982
10279	30209
11970	31972
4627	24253
11817	31769
1597	21369
11801	24026
14828	34820
14113	34167
9409	39282
4988	24706
6582	26351
17596	26158
5939	38887
19291	33538
12075	32088
6432	21738
7948	27823
7949	27808
14378	27506
2670	27470
1687	21491
7727	27563
18996	39243
11869	31834
11390	30247
16968	37094
1411	21166
6315	26116
13273	33150
1719	21522
2200	22037
6955	26702
6417	26227
12381	32419
13238	32851
8747	28607
8473	28326
12853	29261
10460	30368
12285	32309
13249	33127
13241	32965
8131	27986
1355	21098
17297	37485
15859	35862
10581	33614
343	20141
9876	29803
7586	27399
11611	31516
8185	28377
14345	34400
1399	21155
15826	35823
10641	30525
15161	35138
14703	33272
12119	32168
15328	35321
15226	35206
525	20322
4183	23788
15116	35100
598	20422
5649	25479
9582	29511
13670	33452
5801	25688
17726	37939
5747	24989
6336	26137
8497	28350
17372	37563
7696	27536
7335	27146
18363	38569
8881	28758
3028	22752
145	19943
8326	28144
9426	29942
16214	36306
5840	25582
3249	22988
12184	32220
11609	31513
7282	27043
4191	23797
12428	27510
7647	27482
17329	37522
16052	36105
1866	21685
8073	27933
13703	33732
12898	32758
19417	21125
368	20157
5861	25716
6396	26199
1312	21059
18645	38857
14991	34980
19074	28704
18926	39173
11887	31827
18464	38671
978	20754
13911	33954
10492	30406
4512	24139
8354	28186
5092	24822
19386	39592
12536	32583
17184	37337
13682	29796
9943	29867
4481	24108
8597	28466
4260	23907
5285	25090
6080	25831
7266	27030
18022	38232
19637	39616
459	20300
16297	24801
6239	26029
9246	29184
14463	34522
15086	35071
16358	36457
9549	29480
19489	32145
8459	28311
1255	23286
4837	24498
8767	28626
15368	37359
18498	33273
10742	36347
3160	22869
13737	32864
4098	23701
765	20757
17687	37893
930	20712
2314	22158
1754	21562
9714	29666
12704	23227
15708	35674
15639	35608
10886	30780
17593	37786
6884	26622
6659	25970
9091	29018
12882	32741
784	26273
4466	24094
6968	26717
6778	25886
17566	37760
3757	19726
14175	34232
12247	32278
2751	22644
4976	24697
8681	28541
3016	22737
4586	24212
9093	29016
14371	34421
14882	34875
4226	23873
14136	34195
2547	38433
18874	39121
744	20520
19462	25435
7918	27777
1547	21328
12714	23182
13257	33135
6896	26635
19278	35563
19012	39266
17670	37871
16802	36922
19203	39501
12740	31346
13430	33334
10524	30436
18964	39211
15514	35453
50	19815
10128	30056
6314	26115
1679	21477
18049	38185
16480	36589
11196	31089
8140	27995
16669	36798
2067	21888
8989	28871
1297	19802
10696	30582
19576	37649
14037	34071
7849	27703
17334	37527
12229	32267
19480	29412
6101	25846
14512	37790
1533	21312
3476	23194
19365	24603
11340	35811
17092	37234
7166	26928
4415	24037
17961	38151
4758	24408
7408	26891
16209	36301
17848	38070
1523	21300
8268	28085
12345	32378
4827	24490
4673	24310
14215	34277
10505	30417
14081	34135
9676	37281
9514	29446
6282	26076
13127	33020
9108	29033
18087	38266
18894	39140
269	20056
18318	38523
8824	28698
7385	27205
7883	27748
10517	30430
15533	35476
9254	29195
14413	34454
3302	25253
1818	21627
10263	29658
11384	31284
4197	23806
5262	32579
960	20801
204	19983
17431	37615
3613	23243
5884	25727
266	20050
9005	28891
16722	35691
3927	22597
17773	38031
13594	33694
16458	36563
11266	31164
3968	23564
2225	22062
15659	27099
16963	37089
12087	32103
6508	26246
6235	26026
18549	38738
10919	23595
18495	30110
9117	29043
2292	22138
9245	29183
5420	25259
2557	32126
8640	28503
1528	21307
12379	32417
12824	36074
19452	23181
15150	35131
2066	21887
7905	27822
16512	36626
18156	38354
6458	29394
4896	24601
8493	28346
9120	29047
3560	23369
17487	37678
19374	24544
7981	27843
8528	28390
3232	22955
17885	26696
17707	37925
19341	24568
3059	22784
17326	37520
8672	33603
5181	24959
3783	19681
12673	24245
17248	37424
8450	28290
7435	27246
18487	38693
6490	22322
12523	32563
10091	30034
10394	27074
5903	25735
11454	31355
3768	19705
7044	26806
7906	27768
13930	31732
4859	24533
437	20241
9639	29588
11831	31783
3402	22295
7285	27047
17053	37186
18564	38757
3678	23297
9239	29176
19062	39334
2849	22191
6908	26645
4720	23909
1987	34339
17878	23334
12174	31838
16192	36284
8816	28682
16924	21126
3406	23138
9825	29758
16230	36328
9394	29354
11503	31401
79	19858
11297	31197
16946	37071
6390	26192
12325	32356
8204	28167
11378	31273
13831	33876
18177	38376
18218	38421
12071	32085
11775	31689
7502	27315
16997	37125
4482	24109
10585	30496
2098	21922
6334	26135
7328	27136
5609	25421
10072	30136
2668	22554
11250	31144
15849	35852
16012	36033
17805	38058
1861	21680
17217	37392
18179	38377
9535	29471
17231	37406
19109	39387
13807	27451
7903	27766
19375	24546
33	19793
10746	30632
18558	38748
808	20587
421	20227
1551	25315
16236	36337
9200	29143
7946	27700
4303	23952
15007	34997
7865	27730
9366	29300
15037	35025
13862	33909
11821	31773
12933	32796
12248	32279
2080	21901
14970	34960
4633	24265
5031	24762
1029	20802
11839	31795
1736	35955
3029	22753
12503	32543
2444	37556
11341	31233
7602	27419
9814	29741
2727	22606
6399	26204
9576	29503
11318	31211
16099	36157
12258	32288
10198	30138
18256	38457
15779	35776
14502	34570
11920	31924
13773	33819
2561	22439
11750	31663
16550	36665
871	20645
8878	28755
18681	38905
15327	35320
13657	33415
18342	38547
15164	35144
7013	26760
6168	25931
17144	37293
9064	28953
1653	21439
6962	26708
11450	31350
1993	21806
8946	28830
16432	36539
2453	22334
298	20091
2952	22680
12471	32511
5097	24832
13890	33938
6249	25980
18255	38458
15101	35086
13355	25103
17841	37945
5507	25353
7212	27464
15035	35022
10786	30674
3151	22859
1484	21250
1730	21534
9671	29625
10414	30319
15151	35132
3996	23592
17163	37312
9102	29027
19204	39502
3240	22972
405	20213
6414	26223
15387	36222
2894	37626
2700	38847
9507	29440
5004	24729
1055	20829
1132	20917
5095	24830
9799	32613
12323	32354
9084	29008
2448	25301
676	27477
6416	26225
14475	34539
17535	37727
9304	29238
15580	35531
8518	28374
8078	27937
5351	25180
3031	22487
7101	26876
4585	24211
10657	30534
1604	21377
2095	21919
19507	35416
16103	36162
3434	23151
12868	32725
13062	32941
6391	26193
5578	25394
17915	34656
9169	29109
12304	32336
5970	24499
11803	31752
7118	26868
1008	27469
12151	32201
12730	36101
14265	34323
17607	37800
11953	31952
10189	30126
15660	35627
18514	38710
7669	27503
3184	22905
833	20607
5243	25022
69	19840
1056	22957
18065	36960
680	20059
8668	28532
1071	35497
4820	24482
2443	37557
18201	38401
13886	33932
11410	31309
14021	34053
3219	22942
7880	27745
2431	22289
14526	33831
19131	39409
4366	36244
15192	35175
13565	33648
9511	29444
17574	37768
6730	26079
15438	35358
1012	20787
13112	33007
16995	37123
9251	29191
5208	24944
447	20251
1231	21012
362	20160
14660	34675
10535	30449
12242	32274
355	20153
8402	28242
8380	28213
4945	24664
2430	22288
1154	20937
2210	22048
7527	27342
16644	36749
10754	30639
11267	31165
4618	24243
5421	25250
13058	32936
19036	39304
1185	20962
11127	31023
4899	24614
4743	24379
4689	24330
3499	23216
5123	24872
19400	20357
3793	19685
18167	38368
18742	38991
9214	29158
5730	25550
11126	31022
1150	20932
15772	35766
10849	30747
12321	32352
18762	39009
1625	21405
3025	22747
16672	36801
19046	39315
4936	24652
14505	34512
19019	39286
13108	32999
14396	34437
17675	37256
9729	29690
4302	23951
2630	36203
9984	29912
7337	27147
19157	39451
8086	27943
5838	25581
10681	30713
16370	36470
783	20552
12058	32069
8519	28375
18129	38321
12946	32807
14995	34984
13694	33721
1947	21766
17155	37305
14593	34614
15981	35997
1414	21168
14956	34947
13945	33981
17512	37704
11401	31298
11310	25167
14599	33848
12327	32361
2013	21829
11051	30949
13141	33568
7213	26969
6158	25919
11597	31496
2238	22076
3791	36990
12510	32552
13346	33221
14308	34367
18565	38758
432	20235
18135	38330
19182	39473
14016	34045
3695	26330
10389	27094
6555	26301
17332	37525
11879	31855
15711	35677
10601	30551
1979	21793
8320	28137
18865	39112
17980	25969
12843	27644
8167	28307
802	20573
4399	22613
2857	29731
6613	38316
7878	27743
719	20489
13757	33786
5949	25785
16999	37129
13268	33146
12720	26355
2529	22418
8671	33605
227	20006
12115	32164
11108	31004
11239	31133
9001	28887
3546	23363
9627	29573
8641	28504
10833	30730
17462	37650
16845	36971
11462	31361
10637	30567
16602	36710
7167	26929
12429	32462
13907	31872
14561	28982
17820	38064
13410	33293
9690	29637
15966	35983
19538	21518
14251	37742
17630	37832
7528	27343
11613	31518
4331	24045
8410	28250
15208	35189
11461	29352
8038	27901
11438	31336
2286	22130
18472	38677
8101	27958
12725	28637
17758	38009
14372	34422
9552	21301
9134	29070
16707	36838
17130	37275
3388	21078
7097	26878
10523	30435
5874	25056
6467	25299
2326	22168
19025	39292
7741	27578
5487	25330
16452	36556
2865	19697
11101	30997
2123	21951
7477	27291
15950	35964
5864	25718
2369	22225
13633	33444
3769	19710
15473	35390
17239	37415
15217	35198
6988	26557
5188	24924
160	19940
7893	27757
1829	21641
2500	35633
9568	37403
811	20590
14467	34531
2847	21479
2239	22077
16730	36846
19210	39512
8760	28619
3460	23176
19311	20921
10857	30755
2989	22698
11249	31143
5459	25308
13438	33344
9985	29913
14204	34264
565	33585
10358	30292
14309	34368
6175	25937
15446	35365
7982	27845
4255	23901
10321	30252
2178	22014
5150	24903
15538	35482
15440	35678
19629	36103
11265	31163
2521	31403
1844	21658
5258	24998
7764	27600
4517	24145
15663	35645
12107	32156
15361	36216
6112	25859
231	20020
10452	30363
11233	31127
6717	39142
3798	27509
8632	27949
15999	36016
4054	23648
14321	34380
8067	25316
8490	28342
1752	21560
16044	36079
15766	35756
433	20236
17854	38092
4737	24361
6544	26306
3098	22813
8546	28412
2338	22187
12307	32338
17917	37761
3144	22852
11467	31366
17845	38066
8093	27951
18638	38850
13998	34029
16737	36856
19429	32131
12840	36090
11687	33808
6363	26165
18888	39135
12913	32773
3956	23552
532	20326
18701	38945
14296	34358
1567	21351
9206	29153
1978	21791
1465	21230
3447	23162
5473	25318
11357	31250
10944	30837
4839	24501
14238	34300
18439	38643
6283	26077
11621	31527
461	20302
10670	30569
11922	31926
4198	23807
13261	33123
18597	38792
7163	26925
2909	19736
3424	33594
12564	32611
10206	30144
15795	35792
686	20062
10872	30767
5132	31472
19487	31316
10783	30666
10630	33619
17534	37726
19327	27555
7779	27617
13149	33064
1728	21532
19434	37999
15803	39242
2039	21858
7352	27160
12757	24857
1727	21531
19163	39457
16361	36460
11197	31090
10788	30676
14854	34847
3875	23463
16913	37043
13029	32901
468	20265
228	20015
8094	27952
6519	26258
17903	32141
17219	37394
7434	27245
11481	31377
8175	28015
3374	23120
16149	36236
5492	25335
6397	26202
16025	36051
13189	33077
18515	38711
13348	33223
8785	28650
9305	36248
904	20683
19066	39338
5855	25706
11751	38286
3946	23542
6325	26125
4935	24651
10834	30732
14282	34344
7009	26756
5355	25184
17705	37923
1883	21700
16682	24565
11184	31077
12111	32160
215	19994
1396	21152
12374	32412
1048	20821
6213	25989
19504	23565
9929	29855
5532	25050
16356	36454
3018	22746
11867	31826
9808	29735
3396	27441
7423	27234
6938	26680
2414	20896
779	20546
18196	38396
11779	31693
7689	27526
15897	35898
8001	27864
6321	26122
18357	38562
13711	33741
14738	34728
6267	26059
17254	37430
13987	34019
807	21869
20	39294
15012	35000
1685	21490
14916	34906
1677	21470
1172	20977
8338	28166
12338	32372
334	20132
10261	30205
17480	37670
10354	30289
5300	25108
3442	23157
6034	35428
16063	36669
7585	27397
8312	28128
4732	24355
8955	28839
19537	22210
449	20253
4930	24647
19636	32495
6921	26662
9073	28997
3010	22734
7368	27186
10762	30650
7421	27232
1738	21542
5396	25225
10988	30884
15252	36396
16945	37070
16094	36152
7114	26851
19011	39274
17627	37828
2245	22082
14112	34166
5263	25013
5168	24960
6203	25968
16124	36180
10466	36447
13697	33724
8395	28234
7552	27364
6940	26684
3895	23482
92	19872
3178	22896
10240	30185
18610	38813
12775	29685
2815	29218
6635	25742
16920	37048
5876	25070
12177	32207
106	19888
17169	37319
19517	36761
217	19995
2706	22584
1885	21702
2638	22525
3801	23453
5466	35234
6111	25858
12859	38015
713	20333
6803	26520
672	35896
15276	35269
14612	34634
9645	29596
7635	27455
19256	39561
8962	28846
19552	27021
17563	37757
9240	29179
14200	34260
12280	32302
14983	34972
11964	31964
1708	21513
7955	27813
12534	32578
11103	30999
13805	33856
18027	38239
13395	33276
4321	23969
11389	31289
10500	30412
2006	21819
4699	20195
5656	25490
11541	31459
12619	32670
3534	39380
1130	20915
19639	39618
9542	29475
8343	28175
6624	26400
8458	28310
5847	25590
14299	34361
3264	37820
7220	26976
13217	33109
4029	23628
15998	36014
1945	21764
7207	26966
4571	24197
6274	26067
3036	22759
18528	38724
17782	38041
14293	34351
14283	34342
9434	29362
17003	37133
10210	30149
17536	37729
11170	31062
9241	29180
18648	38860
18416	38624
14411	34452
14004	34035
18866	39133
3994	23590
17002	37132
12841	32721
12805	33656
18850	39091
19185	39476
15247	35227
3808	29084
10743	30629
6685	20502
15840	35841
12500	27191
19266	26532
15736	35734
1065	20840
13136	33034
13854	33901
7275	27038
14234	34296
17465	37654
2130	21960
692	27476
13644	33411
11146	31042
14261	34319
8833	28691
13898	33944
10413	30318
2510	22394
9504	29437
2515	22400
16784	36902
6783	26488
14433	34477
16743	36864
9177	29117
1923	21743
8416	28258
8277	28095
6972	26720
18607	38810
6382	26184
8822	28696
1963	21780
3123	22837
14327	34384
18151	38349
2770	22657
14067	34106
19287	39575
11046	30940
7412	37225
7130	26890
14562	28983
15870	35872
3263	22938
1339	21087
18032	38241
6593	26367
19372	24599
16579	36688
17861	38123
9140	29078
10113	30048
7058	26820
15033	35023
7184	26947
14749	34739
18293	38708
7611	27428
7709	27539
3624	32115
6255	26045
18581	38777
6123	25879
2573	22452
17728	37940
17700	37916
13912	24389
6985	26735
15789	35786
8230	28046
1526	21305
2248	22084
14755	34745
9683	21156
18808	39043
9341	29275
12309	32341
10290	30218
12902	32761
6156	25916
1851	21666
8136	27991
17521	37714
14890	34882
14303	34331
13292	33171
6690	30304
16114	36168
15346	35338
4630	24257
13599	33697
16003	36021
18510	38703
4274	23924
17684	37890
4960	24668
10218	30158
157	19937
11204	23043
5589	25407
12892	32750
7127	26887
8216	28032
15984	35999
14379	31789
4608	24234
4821	24481
6461	30320
1020	20790
13235	32960
16068	36125
12283	32306
8103	27960
8586	28455
19007	39261
4042	23637
14401	34443
10039	29984
12700	20064
12400	32456
16445	36551
7580	27402
19330	26348
1721	21524
6153	25912
9589	29517
5094	24829
3313	23054
6510	26247
13819	33866
16237	36338
13259	33137
15832	35831
16632	36739
6333	26134
4406	24029
6484	35967
6746	33551
1838	21652
17126	37271
10847	30745
3359	23108
6904	26642
12399	31406
17839	38361
442	20247
10750	30635
117	19902
4540	24168
724	20494
10888	30782
600	20414
8407	28247
4711	36759
9465	29391
4915	24631
12970	33630
6181	25944
3296	23039
5154	24909
2779	22664
7488	27301
11405	31304
13572	33670
3652	23272
9302	29236
9438	29366
13571	33669
706	20477
14565	28986
7390	27212
15428	35346
5253	25058
16839	36964
14718	35851
16491	36603
7915	27774
653	20454
16967	37093
5736	25554
16712	35688
1477	21245
18251	38455
6050	38339
14109	34163
5686	25526
6723	26434
16035	36060
7630	36372
13038	32910
1974	21790
2740	22292
589	20404
6799	26512
3404	22282
12772	33541
11158	31050
17077	37215
17223	37398
11979	31980
8413	28253
11569	30234
13386	33251
11308	25160
4021	23621
15268	35261
17614	37811
10957	30849
14405	34449
4539	24167
14038	34072
11588	31485
18955	39202
5177	24966
11730	31643
4878	24564
2511	22396
4014	23615
7996	27859
18570	38763
17260	37437
13734	33766
5479	35235
7232	26517
16074	36133
17745	37990
2715	22590
14142	34200
13516	33496
10748	30633
16562	36676
7940	27800
16075	36134
3472	21331
2476	22359
4140	23742
11843	31804
19620	22688
6961	26707
14367	20472
17713	37931
13966	34001
15878	35879
15278	35271
3872	23458
6224	26011
5007	24732
5313	25120
883	20663
7251	27009
16800	36920
7549	39363
14516	34578
10910	30803
1248	24387
9859	29798
12809	32712
9541	21408
15540	35485
11892	31887
2902	23515
9575	29502
13079	32968
7486	27300
3330	23075
5388	25217
13374	33182
13015	39055
8922	28802
11972	31846
16364	36463
6157	25918
16610	36719
14332	34389
3022	22745
16833	36958
9360	29294
18832	39075
16929	37053
2993	22711
16245	36346
15470	34091
18214	38418
14250	34310
11161	31053
15026	35014
19194	39490
11644	31543
498	20310
18070	38145
7808	27660
1558	21340
13852	33899
16895	37021
12350	32383
4508	24135
13926	33963
10352	30287
5452	33032
2731	22612
6343	26144
11865	31824
5989	26583
5664	25499
8978	29159
1493	37096
16981	37107
18029	38242
4771	24425
11334	31227
4877	24563
6647	26415
17276	37465
3253	22995
8599	28468
15427	37372
16318	38889
13229	33118
16731	36847
7029	26786
6951	26697
13771	33817
12394	32433
17648	37846
7499	27313
7828	27680
5384	25215
16308	36437
10739	30626
9670	39259
18053	38202
8582	28450
13468	33382
10244	30189
14592	34613
15922	35928
14684	34648
3213	22936
1788	21593
15871	35873
13655	33413
9235	37386
8967	28851
4380	23238
9496	29429
4109	23713
15576	35527
15169	35152
15558	35509
524	20320
13441	33727
11477	31375
9793	22307
9532	29468
5012	24739
4294	23943
16107	30516
14625	34654
17962	38152
18684	38911
15301	35294
18900	39148
15715	35685
16980	37106
14812	34804
17303	37490
1949	21769
8674	28496
4688	24329
4682	24323
8732	28590
4296	23945
14138	34196
5027	24759
14608	34630
3535	39617
17698	36873
8044	27907
17974	38163
17605	37798
16582	36690
12696	32710
9193	29135
19298	24477
13368	33244
7985	27849
7967	28130
17064	37197
2764	27078
18943	39191
10634	30566
7243	26997
7245	27000
18321	38529
3196	22921
10845	30742
15926	35933
14131	34188
3486	23209
15740	35719
19393	39597
8644	28507
1541	21322
9928	29854
5187	24923
18807	39042
200	19979
17180	37333
3162	22871
5233	25004
4622	24248
11032	30929
16142	36195
6482	35641
8472	28325
1418	21172
18426	38634
1907	21725
14493	34561
14688	36096
14804	34796
19251	20691
13420	33324
8909	28788
17868	38130
4932	24648
16059	36119
17774	38032
5144	24897
7370	27188
10177	30113
12815	34132
13863	22103
504	20290
5055	24784
13124	19744
1848	21663
15338	35331
1884	21701
16658	36774
14777	34769
12368	32404
18530	38726
18012	38222
2618	22505
2030	21849
541	20351
12557	32601
14064	34103
16184	36276
5062	24788
11593	31491
14955	34946
14495	34562
585	20400
10077	30019
9743	29703
16660	36776
15641	35611
13906	21677
916	20700
9400	29332
14059	34097
12989	32847
12835	36088
19155	39449
16113	36172
10642	30571
9623	29568
15344	35336
9088	29012
6515	26253
2120	21950
2473	22356
19138	39416
14468	34532
254	20042
18425	38633
2817	35668
7805	27657
16820	36937
4637	24269
7899	27756
16674	36802
1027	20783
516	20315
17561	37755
7854	27720
9906	29836
18344	38550
13667	33458
7571	27384
2538	22426
6948	26691
3938	23534
1889	21705
6919	26658
10531	30444
19175	39466
6347	26148
8202	28027
5562	25626
4202	23811
15838	35839
2602	22488
8470	28323
2619	22506
3746	19709
17005	37135
6505	26242
8047	27927
10583	30484
7107	26843
4887	24578
15153	35134
17925	33287
11878	37294
5967	39549
1571	30100
9179	29120
5436	25269
612	38914
16836	36961
15520	35464
9807	29734
18811	39047
7963	28115
17098	28256
936	20716
2581	22461
3446	23161
18389	38595
3970	23567
16221	36309
580	20396
11671	31571
15011	35001
6069	25819
11374	31275
6564	26319
8340	28171
9263	29204
10525	30437
19113	39391
2464	19919
6405	26212
17058	37191
13608	33705
12753	23826
5815	25693
5467	25314
12506	32546
11296	31199
18035	38246
10530	30443
19457	27690
16814	36936
17038	37171
15761	35751
4822	24483
17419	33342
13492	33476
3980	23575
14705	25644
4825	24485
13715	33746
1217	20999
1329	21079
9497	29430
12945	32806
9569	19894
15895	35895
16144	36206
12292	32320
18707	38952
7753	27591
19002	39254
2600	22484
13041	32913
12180	32214
130	19916
11509	31385
17921	39319
6916	37965
19549	25757
17365	28880
9619	29562
1151	20933
11874	31849
5042	24772
11638	27466
4495	24122
16036	36061
10955	30847
1481	21247
16316	36435
14121	34177
14014	34043
17094	37236
4564	24190
7131	26893
3383	22296
2035	21851
1833	21647
18398	38606
4346	23987
2404	21417
10803	30693
11418	31319
1726	21530
1717	21520
5898	34598
12468	32507
14074	34113
7733	27569
17386	37573
3092	22808
3904	23489
18161	38359
1745	21553
1426	21181
17201	37377
1994	21807
10656	30535
10080	30021
10449	30360
2420	22272
3357	23102
10000	29930
10659	33620
10457	30367
5868	25722
5512	25358
15197	35179
2965	22694
57	19828
15742	35721
16612	36721
2967	22701
15490	35423
13999	25044
17394	21860
17423	37607
11974	31975
2569	22447
2555	22432
4542	24170
6766	26477
3398	23177
6018	29863
14124	34192
5572	25386
6893	26632
2253	22088
17251	37427
16764	36882
5100	24835
1180	20956
17301	37488
7075	26837
8460	28235
4372	24013
11222	31116
10226	30165
15121	35104
1606	21389
6719	39069
14277	34335
3382	23129
7176	26940
6545	26303
6922	26663
4987	24705
10034	29981
17951	38138
15611	35574
4597	24222
16255	36357
18496	30733
8952	28836
15269	35262
18168	38369
14150	34207
6934	26676
15907	35912
4005	23604
16518	35478
830	20583
12607	32657
9501	29434
17190	37344
19547	23859
11217	31112
19123	39402
4727	24351
163	19946
3212	22935
11982	31983
571	20389
19585	39601
15347	35339
11212	31107
7089	26844
15250	35229
12715	23269
8179	26090
17174	37324
451	20255
10864	30761
13724	33758
5557	25379
1648	21434
10157	30087
4828	26768
4163	23768
16521	36635
18109	38292
533	20334
5635	25467
11844	31805
7422	27233
18999	39247
9130	29068
11085	30980
18858	39073
531	20335
861	20634
6083	25834
8888	28767
10930	30826
6240	26030
18115	38299
10595	30530
16260	34699
13456	33372
1405	21160
17685	37891
4919	24635
15183	35165
3511	23234
15354	35344
5914	25749
7152	26914
8316	28133
11896	31893
1104	20884
12349	32382
11726	31638
2708	23113
7975	27838
1684	21489
13833	33853
5372	25201
14895	34888
328	20124
2588	22468
3639	23261
1682	21487
13269	33147
4490	24117
15929	35935
5429	25261
8661	28525
14331	34388
10242	30187
14185	34243
13337	33212
9832	29765
12953	32814
7610	27427
1072	20852
6661	25984
10155	30085
10883	30778
10546	30459
9618	29561
15994	36010
17527	37720
6706	39046
5665	25500
18200	38400
11536	31443
5223	24973
1999	21812
4305	37253
1968	21786
6108	25854
737	20513
13776	33821
1275	19804
877	20656
12602	33296
11495	31393
4819	24475
14507	34572
257	20011
15436	35355
17247	37422
2645	22529
12246	32277
5597	22302
10199	30139
6707	39102
1799	21604
233	32095
7098	26881
8981	28864
15877	35878
17609	37802
15662	35644
15090	35077
643	20447
18203	38406
3945	23541
3352	33537
15137	35119
824	20604
16231	36327
8393	28232
14555	28971
5987	26375
6379	26181
3662	23280
8452	28291
9072	28996
4375	24019
1577	21362
17668	37869
15051	35038
4652	24284
9349	29283
17346	37673
11889	31884
777	20544
973	20748
7636	27456
12829	36767
16462	36567
7210	20470
6367	26169
18405	38612
13371	33246
2261	22096
17304	37491
464	20328
17819	31740
7190	26951
9168	29108
3281	23024
15664	35646
17769	38023
11796	31746
9998	29928
11641	36185
6551	26311
15797	35794
4264	23919
5885	25730
7284	27046
17894	24979
14201	34261
6335	26136
13617	28736
10502	30414
11830	31782
5997	27202
11017	30921
7823	27674
8524	28381
4982	37645
13458	33374
9468	29396
5362	25191
5670	25506
3491	23213
11003	30902
5157	38408
4033	23631
1354	21097
3275	23020
15911	35916
7683	27520
8141	27997
11176	31068
15264	35257
14543	28978
4600	24225
7532	34433
6883	26621
9840	29772
10935	30829
5240	25012
16854	36985
4516	24144
10881	30776
13775	31489
10486	30400
19523	37899
7273	27036
15599	35557
7971	27704
19257	20046
13687	33714
16058	36117
3043	22767
6552	26312
13559	33644
15165	35146
13651	33428
14869	34862
12022	32027
1739	21544
15224	35203
10312	30834
9356	29290
1245	21028
19444	21472
17575	37769
1186	20966
7678	22625
5370	25198
16213	36305
17754	38008
5117	24852
4301	23950
8574	28442
3623	22306
14436	34480
5851	25698
17804	38057
19464	25437
53	19823
15190	35172
7653	27487
3618	23250
19421	36315
14423	34468
16502	36615
10769	30657
11381	31280
6676	32874
8993	28876
1865	21684
1452	21910
3528	20909
13230	33119
19171	39464
5010	24735
18583	38779
17187	37341
5767	25618
2832	29536
5323	25133
8625	28491
5951	26042
12800	36091
18642	38854
18892	39097
8370	28203
8639	28502
11254	31149
18663	38878
4635	24267
6600	26374
4458	24084
8454	28294
17583	37777
5814	25692
4108	23712
7471	27285
1476	21242
16990	37116
12047	32054
9269	29209
17408	37592
15930	35936
4799	24458
9334	29269
9665	29621
17103	37244
7133	26499
6392	26194
8445	28284
18944	39190
3049	22772
1441	21202
1258	21039
12150	32200
8049	27911
19057	39330
11163	31055
9028	28916
16818	36942
19016	39270
15139	35121
15156	35137
4208	23847
17040	37173
10092	30033
14528	33837
1472	21237
19072	39345
12626	32693
3082	22799
9996	29925
5209	24945
7333	27140
5835	25578
7945	27806
14430	34474
12708	25630
15016	35005
3199	22923
10700	30585
7197	26958
2101	21928
9292	37290
677	20458
11693	31593
2936	21929
5018	24747
4817	24437
18186	38386
8102	27959
16176	36272
6115	25865
769	20538
16964	19810
6574	26337
2845	21481
4463	24091
199	19978
6201	25966
16337	32357
5229	24981
18992	39236
14497	34564
14214	34276
3200	22924
8583	28451
8496	28349
1247	21027
2302	22148
14943	34934
5619	25430
14981	34971
8765	28624
5085	24816
6924	26665
16201	36293
5528	25028
6169	25895
250	20037
12917	32777
3186	22908
2344	22890
12377	32415
7453	27268
19146	39424
1988	21801
9099	29023
7884	27749
12769	29683
3180	22899
13785	33791
9111	29037
14506	34508
9649	29608
7959	27818
14647	37580
5489	25332
19151	39431
10455	30366
6550	26328
8256	32147
2234	22071
8712	28569
12	19673
6648	26416
13477	31679
9158	29101
115	19899
4953	31501
17815	23438
16263	36362
8428	28267
13876	33926
19000	39251
7087	26862
7618	27435
4429	24055
6455	29024
2807	24691
12084	32101
3711	23330
5292	25096
19553	27891
10702	30587
3058	22777
8157	28299
5093	24823
937	20718
18486	38691
7051	26813
8884	28762
3686	19688
19021	39288
12888	32746
14711	34686
16495	36607
5917	25751
9934	29859
7827	27679
4273	23923
15402	36224
3198	22922
15447	24532
16899	37027
18391	38597
7303	27066
14962	34950
5854	25705
14057	34095
4299	23948
13683	33435
4278	23928
6963	26709
3339	23084
7783	27623
7361	27169
7845	27715
10078	30020
759	20534
8149	28006
14720	34711
12653	23333
2884	36714
10797	30688
19653	39643
3565	23373
5149	24902
4787	24445
11607	31510
15479	35397
19318	34511
9758	29717
19433	27655
2553	22430
19618	32118
4518	24146
19008	39262
5130	24881
17044	37177
18863	39080
13122	33035
11744	31657
8356	28188
1159	20942
16778	36895
12040	32048
7339	27150
2966	22695
16581	23258
13436	33345
8770	28629
239	20022
16528	36641
10722	30605
17870	22134
4977	24698
19501	22611
2268	22108
13247	33125
12363	32398
3309	26567
11190	31082
11025	21721
11928	31932
19176	39467
4087	23687
8797	28661
11571	31542
8014	27876
10863	30759
4795	24453
15810	35806
8373	28206
14051	34086
4329	23977
2891	30358
4328	23976
16909	25060
8330	28150
12890	32748
5661	25495
6578	26340
5960	25796
8572	28439
17422	37606
18768	39015
18978	39224
14028	34059
13496	33492
40	24515
9163	29104
3391	32253
14070	34109
6075	25827
848	20623
16776	36894
16865	32581
1582	21382
6429	21549
14284	34345
1731	21535
925	20703
3482	23205
16336	32359
12891	32749
8133	27988
6000	27227
11210	31105
6565	26320
3376	23122
18021	36581
13253	33130
15493	35425
1026	20799
6447	22324
4420	24042
5282	25087
9967	29894
18418	38626
1425	21180
16957	37084
17443	37628
6912	26650
13991	34023
7563	27376
14208	34268
14108	34162
4693	31184
11338	31231
4515	24142
10498	30410
15024	35012
19388	39594
11672	31572
2873	19752
18532	21346
2186	22021
11475	31373
13546	33472
5539	25019
6542	32772
16809	36929
7725	27561
11489	31387
7244	26999
8008	27871
15133	35116
16319	36427
11632	31537
6740	26452
14141	34199
1460	21226
5708	25538
12078	33795
2810	20892
8744	28602
17882	25391
3459	24828
168	19951
1265	31705
19520	37827
11806	31758
16657	36773
914	20694
1757	21564
12082	32097
10411	27109
5385	25214
7255	27014
1952	21772
14211	34273
12099	32150
3982	23577
17533	37724
277	20068
1787	21592
12793	22976
6894	26633
16485	36594
6856	26589
1230	21011
11983	31984
8258	27697
6712	39144
5387	25200
12521	32561
12090	32109
19214	39517
18123	38310
1208	20989
15123	35107
17508	37700
6285	25898
16042	36081
7804	27656
1972	28426
13560	33645
15519	35460
6998	26745
4259	23906
889	20669
19344	39586
17955	38143
8921	28801
17998	38195
11721	31614
6167	25929
16765	36885
9829	29763
2498	22382
2333	22177
7607	27424
2680	22568
12640	32696
2793	23917
18462	38667
7283	27045
16045	36080
13263	32859
13093	32985
18652	38865
12540	32582
8940	28820
6675	32929
18675	34828
11561	31469
12515	32557
688	20345
18816	39052
13573	33671
6807	26527
862	20635
12303	32334
12656	32708
16597	36705
14751	34741
13413	29407
11855	31814
1869	21688
17682	37883
14163	34219
138	19921
17780	38039
13073	32952
2205	22042
18396	38602
5194	24930
16410	36513
3792	19743
15254	35247
11783	31697
7062	26823
19594	31863
17236	37412
2096	21920
5684	25524
880	20659
854	20628
9585	29513
16274	36376
1854	21669
15175	35149
11007	30909
8847	28716
14628	34658
11419	31320
7419	27230
12365	32400
12000	32004
13211	33102
1356	21099
19470	26345
2773	27098
114	19897
1953	21773
5158	24875
4320	23968
18947	39195
8777	28642
15729	26294
7012	26759
9899	29825
3381	21827
19335	27613
7454	27271
7149	26911
19110	39388
19526	23237
15793	35789
6834	26554
13232	33121
16811	36935
2589	22470
1331	21081
8387	28223
7404	24570
11918	31922
12491	32535
15755	35744
12544	32569
7859	27725
10149	30081
4823	24432
3190	22911
6212	25988
7279	33188
9873	31189
1840	21654
13529	25284
8342	28174
10738	30625
19367	24608
14978	27004
18757	39005
13164	33069
11552	31462
17151	37302
10378	30313
14679	27175
18971	39216
1040	20814
18826	39065
15403	37445
15537	35481
14537	20204
11355	31247
7924	27803
12908	32767
14944	34935
12209	24322
15969	35986
1902	21720
13151	33066
13688	33715
17562	37756
18081	38260
3046	22778
11902	31899
7977	27839
17807	29413
6236	26027
1152	20934
18189	38390
15222	35202
19081	39355
4541	24169
13605	24321
6137	25892
14659	34674
16387	36486
2064	21885
9147	29089
3958	23554
8408	28248
14572	28994
12925	32786
16665	36793
9186	29128
4203	23840
3614	23244
14094	34149
2523	25629
13632	33441
9786	19708
7140	26901
4050	23644
3338	23083
9848	29780
8335	28155
12451	32487
3538	23361
4572	24193
7797	27652
10921	30814
9621	29564
15881	35885
10131	30063
10609	30560
11610	31514
16600	36708
9257	29189
19546	23339
14558	28975
10904	30798
5173	25876
9320	29251
13588	22174
14122	34179
997	20772
1867	21686
13414	33664
12855	21128
11425	31326
18991	39235
5709	25539
13454	33370
11175	31067
8539	28403
2794	33397
9165	29105
9306	29239
15294	35287
5690	19963
7928	27783
12927	32789
19107	39385
6518	26257
10377	30314
4672	24309
7314	27120
15285	35278
5156	24911
633	20433
3752	19760
7715	27543
13287	33167
11948	31948
3431	22412
2189	22024
15074	35059
3645	24856
5000	24724
4212	23851
13707	22603
11512	31414
4164	23770
13219	33111
194	20197
12502	32549
2190	22025
10829	30726
10439	30346
15281	35274
1200	20980
10043	28579
16565	38920
7738	27575
1642	21425
18949	39197
11627	31536
19189	39481
2782	22666
8300	28113
16078	36137
198	19977
7901	27763
2800	19763
10231	30172
1704	21509
2552	38403
17918	37796
11787	31616
623	31720
2263	21203
14039	34074
1694	21498
17270	37456
8550	28416
1980	21794
7470	27284
14518	34580
7411	27223
8471	28324
9896	29822
5287	39289
13183	33079
19243	25069
59	19831
3749	19731
10045	29989
15545	35490
11996	31997
7995	27872
8438	28276
7662	27496
14419	34463
12798	27641
312	20110
10499	30411
4656	24292
3807	23392
1650	21435
13194	33090
642	20446
13489	25297
14657	38765
19130	39408
19165	39459
2636	22523
2005	21818
14899	34891
6170	25932
9480	29409
7731	27567
2930	23658
16931	37055
1584	21384
19032	39300
18678	38901
15415	37369
10197	30133
11238	31132
8013	27875
5699	25530
5691	33792
18501	38806
4928	24650
9387	29321
13766	33804
16140	36193
1874	21692
13202	33095
14225	34287
10073	29976
17966	38155
18158	38357
1473	21238
62	20041
18215	38416
2953	22679
13174	33570
3055	22782
3770	19715
7026	26784
4858	24529
10963	30857
7345	27154
6990	26736
2329	22171
18573	38767
13693	33719
12658	32707
513	20314
10636	33623
4316	23963
6827	26545
14919	34911
1937	21757
14223	32899
457	20297
8696	28557
4525	24154
16342	36423
8537	28401
15013	35003
18008	38216
6401	26205
18646	38858
8850	28721
12511	32553
19644	39625
9570	29491
8479	28385
12701	20752
1046	20819
11506	31402
1316	21064
15860	37653
360	20158
6439	25291
10259	30203
17338	37531
16189	36281
12907	32766
1549	21330
1024	20798
15518	35459
13921	34712
15089	35076
5480	35237
14921	34913
17810	38063
16718	35697
16892	37017
7227	26985
13026	32895
12405	32446
9055	28941
10260	30204
16014	36036
9146	29087
14797	34789
2504	22384
11545	31453
10333	34126
13729	33763
3797	19758
4297	23946
4764	24416
7180	26943
10410	27108
19269	39573
12608	32658
9556	29485
18343	38614
13006	32869
15743	35728
15750	35737
3735	19698
10714	30596
13931	33921
10871	30765
8279	28098
6589	26363
6671	36319
8129	27984
5945	25780
19296	39582
3589	35417
16439	36545
6878	26616
4076	23676
16830	36955
9708	29661
9624	29569
1632	21413
14536	38075
8964	28848
17577	37771
5279	25083
16100	36159
10633	33618
14595	34616
14850	34843
7233	26989
11883	31862
8617	28484
4591	24217
3514	31748
13322	33200
4484	24111
8032	27894
12069	32083
15043	35030
18824	39063
9680	37332
2330	22172
10986	30883
16167	36262
6225	26012
17652	37851
6516	26255
19621	21281
12095	32124
5101	29986
7803	27651
14986	34975
8886	28764
4984	24372
17167	37317
12687	35231
17768	38022
5391	25220
3256	22994
3708	23324
18682	38906
9224	29164
501	20287
2859	22671
9637	29586
10937	30830
18137	38333
15032	35020
8290	19712
12655	32706
10837	30736
8801	28666
16879	26657
10547	30460
12552	32596
18540	38731
2717	22593
9129	29067
3128	38993
5037	24768
17582	37776
19273	39571
17504	37696
1903	21722
13110	33005
14953	34943
8412	28252
19581	39599
17205	37381
8541	28405
13514	33489
4464	24092
11061	33663
7414	26982
11067	30955
2720	22596
1588	21388
7578	27392
7772	27603
19647	39633
5184	24965
1868	21687
16232	36330
8652	28517
19279	21284
12535	32580
10264	30207
1113	20897
5954	25741
6058	31743
12979	32842
394	20193
4985	24704
16080	36139
11244	31139
7559	27372
19350	39587
4289	23937
14312	34371
6264	26055
5696	33577
16950	37076
7623	27440
16436	36543
7750	27588
1202	20982
19299	24479
8161	28302
18031	38588
3983	23578
12997	32857
1135	24025
18852	39093
5114	24848
17642	37840
361	20159
7079	26854
4852	24521
2921	36861
19412	20890
16262	34687
5297	25104
7562	27375
12926	32787
4670	24307
9760	29724
4871	24555
926	20707
2956	22682
13138	33037
13084	32973
11021	20038
10293	30223
5126	24877
4967	24677
42	19799
9040	28926
13465	33379
15549	35494
810	20589
17940	38212
3617	23246
17960	38150
9440	29370
16593	36703
14671	38876
2313	22157
7670	31451
18911	39158
16095	36153
17546	37743
12940	32801
2777	27097
9233	29174
505	20291
6795	26497
2047	21866
3512	23224
17732	37953
2509	22393
4257	23904
11277	31176
13702	33731
628	20509
10616	24260
4846	24514
15771	35765
16317	38888
7721	34122
5172	39248
7875	27740
17785	38044
12600	32650
8488	28341
10163	30091
243	33519
1505	35408
1323	21067
17586	37782
14849	34841
2765	27079
4573	24198
8616	28483
6618	26393
8974	28859
7429	27239
1212	20994
6092	26391
18829	39072
6016	29749
14385	38740
7346	27155
14514	34575
12044	32051
14125	34180
7702	39443
19519	36763
1667	21455
19419	21135
9230	29171
6172	25941
6974	26722
4886	24577
5405	25233
11480	31376
19512	36037
12952	32813
14169	34226
11109	31005
16753	36871
1011	20786
3444	23016
2335	22179
14945	34937
6188	25955
5210	24946
12132	32181
16693	21568
10168	30095
9616	29559
11529	31433
13159	33043
17693	37908
18072	37001
15474	35391
8705	28563
2744	22637
9885	29799
10036	29993
5603	25414
12706	23229
13869	33916
6428	21275
2004	21817
18634	38845
6346	26147
12293	32322
6662	25982
7301	27064
5900	25732
4903	24618
16104	36163
1839	21653
1906	36807
4427	24053
4137	23740
16226	36317
11556	31467
2479	22362
16748	36868
18282	38489
3689	23305
12018	32022
9689	29636
19554	28826
790	20556
229	20018
17608	37801
172	19953
17622	37821
17170	37320
13214	33105
7198	26959
13493	33480
3439	23154
17795	22977
7952	27811
13144	33061
5574	25388
14231	34293
8265	28083
12836	22192
1243	21026
16812	36932
10363	30297
15876	35877
9471	29398
7104	26884
19363	30052
4581	24205
8241	28057
16150	36237
10508	30420
11160	31052
1325	21074
6682	23429
9920	29847
11312	25164
3500	24854
1995	21808
4227	23876
8311	28127
9290	29227
3837	23421
6446	25247
855	20629
2436	21072
17289	37479
9355	29289
4575	24200
7099	26877
16507	36620
15713	35683
12863	32715
6085	25826
980	20756
10185	30122
14602	34624
14263	34321
1021	20796
7908	27832
3802	23454
6109	25856
2721	22598
12609	32659
2513	22398
6817	26518
15578	35529
13121	33017
6128	25882
14932	34924
7962	35970
6038	35988
9715	29667
15008	34998
11965	31843
6189	25956
19588	24781
11992	31998
18734	38980
7817	27668
4267	25646
8358	28191
10632	30559
6842	26572
17505	37697
9853	33509
17683	37886
2506	22391
11602	31294
15676	38113
15675	38102
14449	34514
7055	26817
13407	33289
18198	38398
3640	23262
17373	37564
14498	34565
3268	22964
12255	32284
9056	28942
15607	35570
2733	22624
7174	26937
3950	23546
11077	30967
6945	26688
10267	29584
1640	21426
6281	26075
7770	27605
9238	29178
19571	33355
16065	36121
2167	22000
3933	23530
18121	38308
8045	27908
16850	36979
19527	31801
17514	37706
11497	31395
9609	29549
12567	32617
18862	39109
19413	20889
18802	39038
1836	21650
9712	29547
6088	29531
1309	21056
7277	27041
1389	21132
7331	27138
15828	35826
791	20560
2586	22467
10101	29996
15030	35018
9628	29574
13803	33855
7259	27022
6973	26721
7627	27447
14368	34418
16973	37100
962	20737
13979	34016
10526	30438
13728	33762
18108	24362
1458	21224
7969	27828
11225	31119
12492	32536
2534	22424
15146	35127
16497	36609
14851	34844
2328	22170
12036	32044
14920	34912
5281	25086
12838	36089
7820	27671
1453	21217
14714	34705
3107	22693
15572	34848
17049	37181
18861	39134
2075	21896
8403	28243
16966	37092
15018	35006
7773	27606
16438	36544
2772	22656
17105	37246
8117	27974
5299	25107
9603	29537
8605	28473
7555	27367
13204	33098
18884	39128
13752	33775
881	20661
12306	32337
8381	28214
15552	35503
4789	24447
1744	21551
9911	29840
18740	38989
11499	31397
4729	32216
17904	38210
12676	26211
133	25360
11858	31816
752	20528
18445	38642
14682	32893
18112	38295
9202	29146
8499	28351
11637	23289
13944	33980
17065	37198
12545	32589
19557	30178
6999	26746
845	20620
4168	23773
6556	38297
2000	21813
12965	32825
1284	33655
5221	24956
17150	37300
14735	34725
9657	22118
9716	29668
5246	25040
16724	35698
17516	37709
8457	28309
14427	28955
19466	25438
9901	29827
6359	26161
9551	29482
1916	21733
286	20077
16248	36374
5404	25232
18191	38391
19509	35711
10194	33610
3260	23000
252	20040
13068	32947
1793	21595
16240	36341
4175	23778
1841	21655
18479	38685
15996	36012
4309	23957
19071	39343
18756	39004
15673	27008
7921	27852
12834	36085
17613	37810
3931	23527
6485	21843
7856	27722
3273	23012
9175	29115
389	20188
15776	35772
1311	21058
8835	29709
19640	39620
15029	35017
14826	34818
4548	24175
18107	38290
17831	32567
16796	36916
11511	31413
15209	35190
795	20565
17571	37766
18673	38898
2981	20865
3244	22981
5759	25564
3425	23105
12765	29679
6808	26530
13790	33838
12158	31830
12352	32385
5013	24740
4939	24655
16726	35762
2215	22052
12755	23831
18331	38537
19024	39291
11235	31129
19038	39306
10076	30018
19425	26562
14424	34469
4522	24150
16456	36561
18741	38990
7117	26867
17520	37713
15910	35915
5022	24751
18288	38496
16671	36800
14154	34211
2674	22562
11802	31751
3097	22816
6540	26300
9622	29565
8957	28841
3399	22287
6739	26451
15358	37354
4811	24469
546	20364
1598	21370
436	20240
18867	39113
3743	35586
13782	33828
8218	28035
10545	30458
17767	38021
306	20102
12173	32206
3026	22749
5633	25465
7868	27733
7513	27328
4565	24191
7736	27573
19091	39368
8805	28669
18708	38953
3507	20084
667	33673
13817	33864
7276	26896
15163	35145
4097	23700
606	20420
16170	36266
19147	39426
12245	20434
5575	25390
10639	30522
11052	30950
10817	30712
7364	27172
15609	35569
5556	25378
4330	23978
18375	38580
3785	19682
5592	25410
6811	26531
7871	27737
19604	24825
6683	38805
14637	34668
12568	36580
5111	24844
3953	23549
2358	22212
1789	21594
6877	26615
14752	34742
5769	25620
9660	29617
10563	30466
8889	28768
8046	27909
7966	27825
19619	36208
7926	27782
4096	23697
8226	28043
11582	31479
10100	29975
19193	39489
13676	33501
6466	30357
11909	31908
8456	28296
4968	24679
3290	23032
11973	31974
6581	27438
11648	31547
9454	29380
6658	25871
8128	27983
16137	35617
5862	25717
7745	27585
17232	37407
3525	20145
9275	37217
19435	38000
17624	37823
7655	27489
4929	33542
11394	31292
16330	20530
1631	21412
3609	23383
6678	21914
2935	28825
3729	23355
866	20640
353	20151
13074	32953
12029	32033
5604	25415
10291	30220
18606	38809
5261	25001
1924	21744
4410	24033
14322	34381
11956	31955
12605	32655
16005	36023
1254	21037
620	20430
9051	28937
748	20525
12598	32649
14274	34332
10081	30024
19293	39579
16110	33632
17542	29077
15913	35918
5048	24777
14085	34138
7161	26923
10671	30573
9698	29647
16185	36277
8875	28751
12674	24291
15947	35952
12667	21760
2018	21834
10672	26277
8165	28305
11330	31223
17851	38086
12964	32824
18988	39233
2470	22354
12585	32571
19473	26437
18249	38451
16704	35623
13823	33845
10846	30743
11063	30953
3009	22733
3377	23123
10337	30269
7950	27809
11364	31261
18676	38899
6415	26224
515	26290
18839	39111
19111	39389
11253	31148
14500	34567
6453	27620
5834	25598
13977	34012
5411	25240
5536	25062
1777	21583
8566	28432
18378	38582
7309	37856
8466	28318
16683	36813
5315	25148
6205	33548
270	20061
15310	35303
13695	33722
3075	22699
8074	27934
17225	37400
634	20436
6754	26465
17978	38170
18455	38660
19580	30371
2745	22638
414	20222
7050	26812
17744	37989
10731	30617
708	20479
4683	24324
14126	34183
6406	26213
12038	32046
14731	34721
1362	21104
15967	35984
18073	37002
3820	28702
15502	35438
11177	31070
10627	30509
7767	27348
9333	29268
610	20425
3410	22311
7608	27425
2788	20361
10408	27102
4620	24246
10381	33562
2830	19735
5564	36820
2228	22065
3076	22796
18568	38760
14458	34524
18412	38618
12857	31877
4603	24229
19048	39317
18457	38661
17120	37265
2138	21958
12147	32196
14615	34637
8592	28461
8440	28278
15135	35117
14810	34802
17452	37637
6444	22319
7413	27224
9841	29773
15928	35929
555	20372
4032	23630
5891	25999
19236	39541
1088	34498
9309	29241
17656	37858
12019	32023
8899	28778
4902	24617
5968	20445
18364	38570
12955	32816
16505	36618
7307	27112
16932	37056
13295	33173
13406	33288
15767	35758
9845	29778
6473	25418
1210	20991
15677	35648
4691	25015
12041	32049
2900	34645
8604	26070
8349	28181
803	20574
16513	36627
16431	36538
17397	37581
13397	33278
11944	31987
12072	32086
4709	23836
4339	23985
1314	21061
12854	29263
16970	37097
5485	25328
3418	23141
8812	28678
3712	23331
19543	22437
5525	25020
8341	28173
10384	27103
6929	26671
11591	31493
16687	36817
15260	35253
17763	38018
9277	29214
12027	32031
15734	35732
7272	27035
13244	32967
18856	39096
7076	26855
12737	24814
17994	38191
7008	30985
18812	39048
2160	21991
4413	24036
14775	34767
5077	24806
18654	38867
8025	27886
8773	28633
2999	22716
9059	28945
14216	34278
13172	33067
2549	26321
10065	30008
11013	30915
1880	21698
11793	31742
2896	24523
430	20232
17798	38060
2469	22353
4018	23619
18825	39064
16752	36870
9895	29819
16373	34144
11614	31519
12127	32177
9601	29529
4694	31903
13637	33451
625	24860
12820	36071
5438	25271
8449	28288
15359	36215
6229	26016
10916	30808
10749	30634
3393	22301
10981	30877
2911	19766
17849	37967
2998	22715
8028	27888
5728	25547
5103	33301
8775	28640
16655	36771
7857	27723
18877	39124
6947	26690
11166	31058
9373	29307
17256	37432
15466	35382
452	20256
6553	26286
10870	24723
14866	34859
10313	30243
10030	29971
5504	33709
7119	26869
4966	24678
5752	25591
17643	37841
16757	36876
15864	35867
7812	27663
10509	30421
2061	21882
17043	37176
10562	30467
12539	32586
18291	38499
14240	34303
5189	24925
4142	23744
18470	38676
7306	33662
6096	25841
13808	33858
9565	29489
11441	31340
17172	37322
4503	24132
9638	29587
1140	27414
3522	36104
4719	24340
5009	24734
299	20092
1911	21729
1670	21458
15575	35525
3048	22771
16696	36828
2206	22043
10368	30301
12569	32620
10832	30731
9153	29093
1778	21584
11749	31662
17396	37579
9962	25029
12297	32327
7681	27518
19405	20570
337	20134
14012	34040
1063	20838
8362	28195
2373	22229
15418	36227
11257	31153
218	19996
14971	34961
1179	20955
4165	23769
11893	31888
19232	39542
856	20630
17835	37973
2052	21874
4010	23610
18569	38762
4529	24158
15188	35170
508	20260
15974	35992
7484	27298
19548	23860
7111	26848
13627	33447
15370	36221
15270	35263
14985	34974
3115	22829
11188	39171
3502	23217
16587	36697
11822	31775
18844	39086
14816	34808
1022	20797
7092	26839
3893	23480
8004	27867
2024	21842
17214	37390
12286	32310
2300	22146
19053	39325
18851	39092
17959	38148
417	20224
3775	19761
17468	37656
1326	21075
16146	36233
2608	22495
7798	27646
16531	36644
8939	28819
6424	26237
14218	34280
16332	28951
13358	33234
18655	38868
13428	33333
16069	36126
10465	30374
17271	37457
4549	24176
4067	23668
3880	23469
9868	29791
2340	26590
3885	23475
17637	25649
9002	28888
11347	31240
17333	37526
18658	38872
2156	21986
12002	32005
15941	35945
11034	30931
2397	21345
6537	26332
5521	24983
5020	24749
5934	25769
14504	34456
15356	37353
11336	31229
2125	21953
13669	33498
10716	30598
19483	30266
18410	38620
17176	37328
1466	21231
3834	23417
12169	31844
9455	29381
11367	31263
9547	29478
16102	36161
2293	22139
14066	34105
13802	33854
2141	21969
9558	29486
2675	22563
18111	38294
9586	29514
13554	33638
17511	37703
19040	39308
136	38938
15952	35966
3506	23221
10112	33608
3086	22803
16590	33078
5380	25205
8494	28347
8724	33309
9707	29660
1182	20958
5875	25061
13032	32904
5433	25266
7994	27857
13868	33915
19484	30352
10737	30624
8540	28404
12025	32029
16773	36903
17759	38014
7916	27765
19181	39472
7122	26872
2060	25683
19648	39634
58	19827
19325	26000
9717	29669
13915	26660
10106	30038
9227	29167
12645	32703
19340	24552
1919	21737
11717	31625
8286	27718
19491	31880
15655	35625
11180	31073
8376	28209
11708	31607
18415	38623
15504	35440
7085	26861
2719	22595
12588	32639
16991	37118
19511	36034
17616	37813
15462	35380
10527	30439
1178	20954
9265	19861
17513	37705
6206	33549
17321	37512
13050	32924
7480	27294
11840	31798
14280	34341
3846	23431
10074	30016
8017	27879
662	26765
8314	28131
16847	36973
6122	25878
8873	28749
2990	22708
16077	36136
11666	31565
14315	34374
18310	38521
1463	21229
8455	28295
9837	29770
19169	39463
3800	23387
8284	39179
15992	36008
13272	33149
13963	33999
16875	36999
19572	33356
15306	35299
3432	38065
6450	24797
16228	29943
17818	38052
15444	35363
13532	33406
9122	29049
17893	38188
6278	26072
1293	19820
1080	20870
14894	34887
18876	39123
9653	37090
11473	31371
6595	26369
11066	30954
2441	22315
13408	33290
2402	22261
5047	24776
4325	23973
3067	22791
17837	37972
10037	29983
4681	24318
4890	24585
10831	30729
5343	25155
12693	36246
7052	26814
14717	34689
11191	31083
19095	39374
650	19906
6711	39106
15053	35040
17434	37603
10292	30221
14630	34661
13248	33126
295	20093
9866	29789
15780	35777
12454	33565
9364	29298
5748	25585
2580	22460
8533	28391
7493	27306
2661	22545
14173	34231
15965	35982
17634	37836
14824	34816
5087	24818
4794	24456
3158	22867
8584	28452
11472	31370
16083	36141
12141	32190
2163	21994
10778	30667
14627	34657
18860	39114
10899	30793
10035	29982
5652	25486
7570	27383
13568	33651
12390	32425
6067	25817
4660	24296
9835	29768
10241	30186
15109	35093
6789	26106
4593	24218
9663	29620
10360	32468
12942	32803
4872	24558
12222	32260
17867	38129
16852	36982
12581	32632
17415	37600
13759	33788
11084	30977
13343	33218
14473	34537
7654	27488
16863	22883
12833	36084
5231	39205
6897	26636
9667	29623
3042	39151
1629	21411
15382	20377
13142	33053
10643	30570
15942	35946
4358	23997
8526	28383
15342	35334
261	20044
7121	26871
19589	36600
6162	25924
3125	22839
6190	25957
16741	37560
4712	23838
14245	23913
16105	36170
2785	22105
18962	39208
8365	28198
12281	32303
4724	24347
5289	25093
9314	34680
9000	28885
11574	25311
3245	22980
6639	38931
4980	24701
14744	34734
8029	27892
1439	21200
14844	34836
1802	21607
420	20226
11722	31631
8603	28472
11906	31904
14042	34078
10200	30140
10009	29945
2676	22564
4511	24138
12301	32332
19632	39612
2059	21881
15228	35209
14046	34081
9343	29277
12395	32434
4026	23626
16666	36794
1690	21495
18841	39083
17213	37389
8469	28322
12120	32169
4760	24411
3706	23322
4663	24299
7841	27694
10253	30199
3017	22743
16333	36413
927	20715
8065	27925
18210	38414
1222	33525
9052	28938
548	20367
7759	27596
15380	37364
8667	28531
15145	35126
17262	37440
4094	23694
2746	22309
4972	24692
14725	34692
15125	35109
6349	26151
9994	29922
6575	26338
15220	35962
12469	32508
10907	30800
12009	32012
8799	28664
5626	25504
5008	24733
11912	31913
17644	36862
5695	25528
10618	30505
10488	30402
14531	35707
6931	26673
1170	20964
1105	20885
7001	26748
1330	21080
8145	28000
6425	20615
11523	31427
19391	38068
18914	39160
12333	32367
10860	29988
12954	32815
13305	33181
3870	36815
2922	24725
18717	38962
17327	37660
675	20457
5476	25322
8142	27998
6040	36004
7202	26961
8205	28168
2591	22472
15648	34708
15875	35876
16705	36836
6164	25926
18590	38785
17503	37695
10351	30284
17192	37346
5873	25032
16747	25262
12528	31613
9217	29161
9388	29322
14597	34618
8813	28679
19338	33262
1437	21196
13228	33140
2259	22094
16546	36659
16794	36914
2970	28769
10108	30040
6511	20267
3390	22918
4120	23723
5378	25209
131	19917
1564	21349
3773	19738
17887	27167
9135	29071
2839	35584
10559	30492
14097	34153
11647	31546
12001	31978
15404	37367
16444	36550
16457	36562
19271	31183
9591	29521
17140	37287
11343	31235
18024	38235
1796	21601
10471	30380
3389	23133
11962	31962
2665	22550
5663	25497
14373	22604
3515	38366
10913	30794
1660	21448
15781	35778
7400	26767
1373	21112
3102	22819
18488	38695
2603	22489
9557	37211
17869	21831
9648	29607
16418	36525
10818	30717
7043	26805
2236	22073
5256	25067
10203	30142
5816	25694
15782	35779
11133	31030
13167	33071
15691	35656
12235	27558
6643	26408
4589	24215
13153	33046
13227	33117
7489	27302
7410	27222
3103	22820
3368	26732
7589	27404
9053	28939
1646	21431
14145	34203
16047	34694
12360	32394
10294	30225
12149	32199
1168	20947
4126	23730
16979	37105
11698	31598
17859	38122
7536	27354
17060	37193
18574	38770
10353	30288
15081	35065
4114	23717
15127	35106
17215	37391
9049	28935
15970	35987
10052	30000
1045	20818
2755	22648
19222	39528
10152	30082
1424	21179
10107	27471
10153	30083
16503	36616
17914	33801
15038	35026
3308	33790
17242	37417
15377	37361
6028	32091
4124	23727
7242	26996
3206	22929
3787	23306
11344	31236
15180	35243
3777	19783
11012	30914
10841	30738
13329	33204
17631	37833
2097	21921
18409	38619
10208	30147
15397	37366
8481	28360
16250	38829
16247	36350
6498	26239
18185	38385
8139	27994
14591	34612
7898	27761
2371	22227
18432	38640
17300	37487
19177	39373
11667	31566
15171	35154
19488	32144
12485	32528
13440	33348
17323	37516
1809	21616
12356	32390
1301	21046
18893	39139
8227	28044
8166	28308
18552	38742
12056	32064
9069	28995
6338	26139
8196	28164
10134	30066
19326	38073
14547	28961
2828	29534
13423	33327
7986	27850
18335	38536
2558	38925
13426	33330
8740	28598
15365	36218
6241	26032
372	20170
2279	37127
492	20307
13199	33316
16692	36825
3246	22979
6742	26454
5218	24954
19597	27439
7269	27033
13636	36329
2590	22471
280	20071
14958	34948
4275	23925
15503	35439
2693	36393
5381	25207
13901	33947
16941	37066
4186	23792
13146	33057
9721	29673
12104	32153
9402	29333
10330	30264
9559	29487
15249	36381
11863	31821
18174	38374
538	20346
271	20057
12409	32448
761	20537
7173	26936
2435	23464
18993	39237
1901	21718
14576	28981
12973	32834
5783	25667
17942	38215
9855	33502
18692	38934
13969	34004
6105	25850
6280	26074
11154	31047
17160	37309
15261	35254
18314	38525
13964	34000
16554	36667
11658	31559
8055	27917
5264	25011
16381	36481
13787	33832
17469	37658
957	20734
8594	28463
1211	20992
4000	23599
18223	38425
2660	22543
13090	32979
12216	32000
4848	24517
2008	21821
6926	26668
7047	26809
8855	28730
18233	38437
2058	21880
5425	25256
16552	36787
1888	21471
1495	21263
14813	34805
7881	27746
5069	24794
13900	33946
14195	34255
14954	34944
1278	19834
12632	32686
6854	26586
16145	36211
3187	22909
6165	25894
2048	21867
10801	30692
11550	31460
9861	24287
16793	36913
11110	31006
8138	27993
17138	37285
3333	23078
3629	23252
9727	29687
10854	30752
8301	28114
13215	33106
1379	21122
19124	39403
10570	35239
11329	31222
16619	36727
12089	32106
5317	25123
4969	24680
11946	31946
7030	26787
2492	22376
19402	20358
6094	25839
4621	24247
2664	22549
8737	28595
19139	39417
5326	25136
11833	31787
1801	21606
7870	27736
3142	22850
10204	30143
18690	38927
2192	22028
11984	31985
13352	33227
5465	22346
12277	32301
15021	35008
6211	25987
19431	27610
8521	28379
7751	27589
13332	33207
10406	27090
15892	35892
661	26346
12812	33874
14137	34181
3509	23223
6792	26494
4943	24662
3132	29806
474	20271
2696	23179
10933	30824
238	20027
8591	28460
15920	35925
17264	37450
13934	33970
3896	23483
12335	32369
6716	26431
19346	29368
19468	25781
18162	38360
13810	33965
7053	26815
3062	22793
5408	25236
15059	36387
8817	28683
11864	31822
3861	23447
14577	38077
9921	29848
16961	37087
9220	29163
15439	35359
10304	31277
4893	33806
5999	27226
6584	26353
48	19813
10396	27076
13721	33752
3052	22769
14334	33573
19353	24597
4312	23960
14438	34483
17970	38158
12259	32289
9161	32912
12561	32608
14673	24086
9221	29046
1114	20898
11684	31587
14377	27454
8874	28750
13764	33800
10296	30229
18454	38659
5758	24991
8048	27910
15315	35238
16604	36712
7788	27628
15752	35742
16393	36494
16290	36409
10075	30017
18334	38535
2452	23523
6292	26089
17982	38174
16363	36464
16329	36407
3367	23116
3803	23388
8283	28101
2137	21836
14523	34585
14239	34302
17074	37208
15460	35378
12486	32529
16019	36045
9975	29903
9655	29613
11816	31768
892	20672
8359	28192
4001	23600
15690	35655
7902	27764
10745	30631
14244	34307
4796	24455
15661	35642
1697	21502
5468	38638
15912	35917
8183	28023
15040	35028
12780	31878
15544	35489
5207	24943
13242	32852
16343	36438
8930	28810
10701	30586
13246	33124
9982	29910
1037	20811
517	20316
17131	37276
9594	29520
10490	30404
13837	33883
11009	30911
1064	20839
11732	31645
14789	34781
15792	35788
13965	34075
14726	34716
19261	39565
12773	22099
14469	34533
19628	38116
9512	29447
18272	38476
7598	27415
7291	27053
11572	31477
13500	33499
2819	37962
1408	21163
9614	29557
4485	24112
19592	25611
4562	24188
19399	20203
7296	27059
15399	20652
2179	22015
5049	24778
13661	33455
2837	38304
1457	21222
4813	32697
8559	28424
13596	30919
370	20168
3204	22927
13056	32934
8735	28593
13065	32944
14757	34747
17445	37630
3291	23033
9092	29015
19149	39429
15445	35364
15891	33631
6603	35502
2801	25368
497	33583
4651	24281
858	33524
17351	37544
11799	31749
5543	25038
6517	26256
3667	23287
13224	33114
8942	28823
17204	37380
10874	30770
16936	37060
5182	35763
38	36452
15004	34994
1853	21668
14727	34717
12004	32007
18394	38600
17930	38134
11213	31108
18320	38528
11474	31372
18194	38394
12934	33312
12922	32783
4059	23661
17312	31012
10169	30103
10572	30478
14529	34594
14146	34178
13761	25636
15277	35270
11076	30965
3916	23502
7300	27063
14893	34886
3305	23047
6829	26548
8508	28364
14227	34289
11811	31764
17483	37674
18746	38996
6150	25910
18651	38864
2331	22173
11636	23356
6171	25933
18380	38584
17250	37426
4258	23905
18840	39082
10571	30475
2540	22438
2550	37582
6898	26637
15307	35300
13480	32867
9719	29671
13696	33723
3154	22863
7518	27334
852	20626
5831	25574
17308	37500
13796	33843
18128	38320
8053	27915
7360	27168
11241	31136
593	20408
3600	38464
3566	29940
7624	24320
11652	31551
11421	31322
1468	21233
16698	36830
12206	32245
2639	22458
9329	29258
3133	26740
10655	30574
6735	35406
5402	25231
2357	22211
15505	35441
7234	26991
13336	33211
10620	33615
19603	32651
9990	29917
8527	28384
723	38087
18636	35958
3013	22742
10771	30659
671	30335
6851	26581
17647	37847
3734	20359
1367	21113
6090	34129
971	20746
8662	28526
19514	36789
1518	21293
11959	31959
6819	26528
9250	29190
9620	29563
17451	37636
1394	23186
15709	35681
11670	31570
9286	29223
15908	35913
16947	37072
16792	36912
9706	29659
6566	26322
5141	24894
19309	23018
11810	31763
10802	20082
10068	30014
17556	37751
8489	28343
12766	29680
3448	23163
12663	24538
11805	31756
17154	37304
793	20563
10603	30553
18285	38493
5478	27144
764	20480
19250	39555
17739	37984
1530	21309
1313	21060
9144	29085
18726	38971
14556	28973
5549	25372
17927	19911
12110	32159
14779	34771
16813	37614
19362	24589
7718	27557
13935	33971
12811	33873
18325	38532
3817	23401
16808	36928
5375	25196
12542	32588
14580	34599
14635	34666
16719	35693
7193	26954
16133	36187
19044	39312
5877	25064
5510	25356
6491	25288
14304	34365
5015	24743
17360	37552
9127	29062
6625	22411
18910	39157
14560	28980
12831	23657
14391	34432
19460	25432
15450	35369
8571	28440
5614	25425
12532	32576
6633	26403
8023	27885
3894	23481
3489	23212
2576	22454
13001	32863
2918	37889
4414	24038
7081	26857
6266	26057
15082	35067
17865	38127
14689	36097
1431	21187
2134	21959
17691	37896
7652	27486
9726	29508
4034	23632
3321	23062
13069	32948
11747	31660
4116	23719
6047	36596
284	20075
3674	23814
10891	30785
8859	28733
13225	33115
16935	37059
17824	38056
14295	34356
6841	26570
126	19912
5503	25349
11356	31249
6592	26366
12911	32770
15666	35651
6230	26018
19582	39600
5071	24798
14639	34671
6980	26731
18140	38335
15943	35947
3659	23277
3056	22779
9834	29767
3505	23220
16965	37091
4634	24266
15800	35797
12456	32490
9393	29327
16269	36369
83	19863
13791	33917
16392	36490
12171	31876
897	20676
1772	21577
13793	33840
5458	25298
3065	22789
8950	28834
8821	28685
2747	22640
13756	33784
13258	33136
8870	36984
9410	39283
9826	29759
3145	22853
10678	30542
13917	33265
2494	22378
6705	39100
18113	38296
12864	32716
15714	35684
5703	25511
5965	32497
5377	25206
13326	33202
15915	35920
3721	23342
773	36200
4706	23791
13722	33757
2616	22503
14739	34729
8296	28108
4214	23853
13975	34009
12723	32723
10176	30112
10862	30763
7671	35556
1205	20984
17405	37588
4962	24673
9024	28914
18538	36702
2704	22582
13700	33729
18404	38921
19573	32926
4046	23640
18207	38411
6106	25851
8726	28584
12419	32457
17963	38230
7294	27056
792	32314
9495	29428
13113	33008
11691	31592
3087	22804
13325	23068
5483	25326
7014	24824
13252	33108
5952	25787
19616	33540
177	19957
10104	30572
6443	22318
2854	23439
19061	26971
17420	31208
16642	36768
7108	26845
6969	26718
2539	26414
15574	35524
5546	25017
16955	37082
15888	35889
18440	38644
12386	32428
7674	27507
15944	35948
13748	33001
11859	31817
19564	31483
6260	26050
7348	27157
3452	23167
11382	31282
10669	30519
8324	28141
9457	29383
1800	21605
1812	21619
12768	29682
10115	30045
17000	37130
9897	29823
631	33654
8673	28534
10119	30050
5924	25760
11813	31766
4894	24595
3464	23180
17045	37178
12910	32769
8255	28073
6793	26226
18459	38663
944	20722
3317	23057
18946	39194
6504	26251
16061	36668
18033	38243
5161	24914
18880	39127
16129	36657
6721	26432
9237	29177
13985	34018
12573	30375
17540	37735
14799	34791
7015	26761
17470	37661
11211	31106
6718	33575
12011	32014
17755	38010
9067	28958
1440	21199
3183	22904
10977	30872
15604	35561
5225	24350
1620	21401
8858	28732
11465	31364
9650	29609
5216	24952
10966	30860
1573	21358
28	38090
3516	24858
3363	23111
5966	37843
7367	27185
18092	38271
16420	36527
10282	30210
5056	36313
18102	38285
15567	35518
16688	36822
19475	24722
5490	25333
17673	36878
16193	36285
10096	30007
9613	29556
827	20580
15954	35971
14809	34801
13101	32992
19539	22375
12982	22206
9643	29590
12928	32790
19600	38085
14931	34923
12525	32565
4942	24661
15524	35495
17114	37258
221	19999
13838	33884
240	20028
1826	21637
7786	27626
16511	36625
12499	32541
10676	30576
14148	34205
3856	23442
17499	37691
8095	27953
8973	28858
5627	25447
6734	26443
15839	35840
4489	24116
3231	22953
5672	25508
4873	24557
12847	36078
2463	22345
7761	27581
5234	25002
2299	22145
15231	35211
4085	23685
17107	37248
17823	25617
18153	38351
11333	31226
18494	30108
2517	22402
14736	34726
10184	30121
2910	19756
17840	37943
5943	25771
8081	27939
13938	33972
19558	30344
14704	34679
12675	26127
17715	37933
2594	22478
1977	21792
10810	30705
16352	36448
18231	38435
16276	36379
14442	34487
9674	37292
17164	37313
18145	38342
16394	36495
8796	28660
10763	30652
8906	28785
2994	22730
1167	20946
6946	26689
15108	35092
7376	27194
14833	34825
1320	21065
17954	38142
11968	31968
3995	23591
5174	36891
14301	34363
15589	35542
17222	37397
11193	31085
2306	33678
3355	23100
10195	30131
2491	22374
16978	37104
18078	38257
13835	33879
4201	23810
13097	32988
8869	29066
3127	22649
1563	30097
16897	37025
11496	31394
2972	22720
1742	21547
18951	39199
17025	37157
10781	30682
5768	25619
17686	37892
4925	24644
10016	29955
3739	19772
12968	32830
5896	25634
8907	28786
13745	33771
12556	32602
16989	37115
651	20462
6036	35842
10541	30453
13469	33383
17772	38028
12850	29259
19502	34123
6840	26568
14410	34611
547	20366
14587	34606
15461	35379
17587	37783
6149	25909
569	20387
18932	28718
14048	34083
14581	34600
4111	23715
6486	36116
5871	24996
2384	22241
8818	28693
11173	31065
7911	27769
11568	30235
8806	28670
18968	39214
13996	34027
6496	38471
14669	34121
6307	26108
17501	37692
7643	27463
18883	39071
1633	21414
14550	28964
9034	28921
17937	27615
17573	36875
16359	36458
5320	25127
1764	33528
5059	24785
6488	36587
7369	27187
9499	29432
10902	30796
18427	38549
503	20289
4334	23984
3947	23543
18197	38397
2862	29193
3292	23035
17948	35244
11370	31267
2769	22655
18582	38778
3006	22727
4934	23077
16227	36325
47	19812
10032	29973
2226	22063
14157	34213
6941	26685
6006	29052
10884	30768
3521	24992
10821	30720
3738	19749
3294	23036
6872	26610
582	20398
5084	24812
18489	38696
10948	30843
7359	38030
9076	28999
10398	27081
19245	39469
12718	29533
14347	34402
8058	27918
15472	35389
17877	23325
13730	32644
11348	31241
12217	32252
18088	38267
4917	24633
162	19945
10992	30890
14937	34928
1292	36784
16738	36857
15571	35522
679	20058
11601	31502
1005	20781
6254	26044
15788	35785
3751	19747
13353	33228
15136	35118
11981	31982
10726	30609
9383	29317
14490	34556
8786	28651
11757	31668
7776	27609
1751	21559
1676	21468
4292	23941
12563	32610
6823	26541
6035	35433
885	20665
1266	31706
6102	25847
3474	22297
13611	32481
11072	30959
6964	26710
13970	34005
15824	35821
8328	28146
10344	30275
12779	31730
5217	24953
1849	21664
16118	36109
13581	33677
8929	28806
19056	39329
8233	28049
11873	31847
18062	26764
3416	22283
16303	36418
6583	26352
14149	34206
16711	35695
10440	30867
373	20171
940	20702
4912	24627
12106	32155
316	20113
1455	21219
17694	37910
14426	34471
5865	25719
2368	22223
4750	24390
18544	38734
10686	33624
16377	36477
16057	36114
13933	33969
19336	36032
4318	23965
8834	28692
16446	36552
19052	39323
942	20720
18516	38712
13727	33761
16301	36416
14818	34810
4128	23731
5333	25143
2282	22125
16411	36514
14086	34140
5410	25238
16714	35692
12101	32149
13855	33902
5451	22891
17525	37718
18545	38735
19090	39367
1944	38367
5938	38886
8750	28610
11100	30996
16710	35687
5484	25327
2748	22641
10130	30059
9058	28944
7877	27742
10067	30013
18422	38630
3831	23414
16801	36921
4461	24089
17106	37247
15048	35033
2790	20362
8132	27987
9574	29501
3375	23121
19454	23436
1559	21341
7668	27501
7467	27281
4949	21137
9103	29029
1034	20807
16298	36414
9936	29861
7665	27499
17179	37331
10175	30111
7782	27622
3340	23085
408	20216
14946	34936
8530	28387
12425	31617
19438	35564
18052	38201
12143	32192
4947	22257
2650	22533
2015	21832
10996	30895
1246	21029
6370	26172
19166	39460
10001	29931
17530	37722
6845	26575
12404	32447
7326	27134
6983	31337
8420	28292
19472	26410
5376	25208
15894	35894
8223	28040
11164	31056
14160	34216
5200	24936
2667	22553
13749	33002
18594	38789
9228	29168
1695	21500
13491	33474
1500	21269
19305	24486
13451	33366
15830	35830
5720	25543
13716	33747
13995	34026
14395	34436
16653	36765
4755	24405
3203	22926
435	20238
3408	34700
2043	21862
5066	24791
5915	25750
4686	24327
15825	35822
11125	31021
17716	37934
11054	20471
11316	31205
1083	34492
17789	38050
13109	33004
15634	35604
798	20568
17099	37241
7512	27326
6514	26252
4370	24010
549	20368
2091	21911
2669	22557
13089	32978
17178	37330
10399	27082
4379	24018
3451	23166
4062	23654
1459	21225
2524	22410
171	19954
1433	21189
17287	37475
10287	30215
4629	24256
3280	23023
17015	37147
7835	27686
15433	35352
10954	30309
9764	39619
6360	26162
955	20732
10760	30647
2825	29498
18786	20032
14360	34424
16496	36608
751	24997
12862	32714
1002	20777
12709	27640
19026	39293
18561	38751
2196	22033
19643	39624
10127	29655
8353	28185
1791	21597
15454	35372
5449	25280
258	20012
19307	24473
19241	39494
15806	35802
17277	37466
8299	28112
8411	28251
4926	24645
5255	25065
11740	31652
8774	28639
8162	28303
10906	31417
14817	34809
9673	21629
15179	35160
13301	33340
19253	39557
14909	34901
11585	31482
3819	23403
4676	24314
5280	25085
14606	34628
16676	36804
13484	25293
19578	39514
910	20689
8187	33308
14568	28990
1669	21457
6030	25800
2963	22690
10121	30053
774	20541
3174	22886
9296	21719
1310	21057
18600	38796
3441	23156
18806	39041
5693	25523
11866	31825
6487	36586
12131	32180
12611	32661
1207	20987
8192	28228
6477	34063
7017	26766
18592	38787
9709	29662
16746	36867
7124	26874
1680	21483
9273	29212
1760	21567
10434	30340
7347	27156
8600	28469
13391	33271
5190	24926
13380	33254
13604	22435
8278	28096
5314	25121
14928	34919
13276	32572
14966	34957
18611	38814
5105	24838
10909	30802
14065	34104
16322	36430
3655	23274
2695	38277
7351	27159
5837	25572
19459	25274
13053	32932
12376	32414
2912	19777
3071	33534
8731	28589
2621	22512
6818	26526
5360	25189
17199	37375
9647	29603
948	20725
16867	23522
10071	30009
11553	31463
9408	39281
6476	33880
8758	28617
3559	23368
17363	37555
6597	26267
18667	38882
2029	21848
10251	30197
9266	29206
4425	24050
11141	31037
11215	31110
2725	21925
8213	28029
18647	38859
4748	24383
2305	21924
4640	35516
1483	21249
18131	38324
999	20774
11469	31367
7809	27269
12724	28636
18587	38781
8011	27873
4812	24470
2327	22169
7100	26882
8892	28772
5712	25458
1855	21670
2933	27714
15593	35546
16168	36263
15388	37443
1634	21419
18878	39125
17458	37644
4738	24370
19586	39602
1139	37905
8545	28411
8780	28644
2827	27612
4922	24640
7146	26907
15131	35114
13234	32961
9604	29538
5662	25496
17148	37297
1759	21566
3679	23299
4193	23800
17760	38013
12713	23268
273	20067
4017	23618
3008	22731
7238	36207
13400	33279
10340	30273
13671	33430
888	20667
4801	24460
2294	22140
18313	38526
17344	37536
8707	28565
15196	35178
17938	38183
15401	22182
15098	35083
6914	26653
2050	21871
673	36938
11656	31556
1226	21008
12505	32545
5341	25152
7290	27052
17456	37642
10445	30350
19045	39314
3023	22748
3728	23353
14874	34866
3825	23408
491	20304
4599	24224
5908	25739
7673	27270
18349	38555
1984	21798
9374	29308
4179	23782
15054	35041
18019	38251
16050	31731
8333	28153
1734	21527
10511	36388
6451	25307
4469	24096
17977	38169
1307	21052
7922	27851
10438	30345
8719	28577
2295	22141
17441	37624
8325	28142
19631	39611
12566	37732
7324	27132
8891	28771
7025	26782
8849	28720
3148	22856
7515	27331
18003	38250
19427	27544
16391	36489
14687	36095
16689	36823
964	20739
18838	39081
16038	36063
5328	25137
18890	39136
14276	34334
19455	23437
10442	30347
13137	33030
14707	34682
1062	20835
135	33231
8512	28368
12213	32250
2221	22058
8015	27877
18716	38958
3211	22934
6301	26099
11516	30392
127	19913
16954	37081
12388	32423
154	19934
2207	22044
8484	28336
18125	38312
648	20451
15376	19699
3234	22966
4779	24436
8271	28089
6709	39104
9578	29505
16026	36052
7469	27283
318	20114
8382	28216
18649	38861
6469	37495
5677	25514
4901	24616
16667	36795
5742	25559
14806	34798
5678	25515
2042	38910
13685	33708
14873	34865
11631	31532
17171	37321
41	19797
693	20338
9249	29187
13708	25350
6160	25923
12519	32559
15566	35515
5993	26795
15263	35256
1038	20812
16327	36434
16629	36736
14571	28993
890	20670
3647	31717
2610	22496
9813	29740
2264	22101
4107	23711
6758	26470
6779	25973
3157	22866
147	19928
12572	32622
18820	39058
6142	25902
8819	28695
13536	33462
19349	24584
602	20416
604	20418
14918	34910
7819	27670
17069	37203
2812	21138
1652	21438
10710	30593
7514	27329
9491	29424
5191	24927
16721	35690
10522	30434
7667	27502
8710	28568
6460	30211
16335	32358
5843	25697
8706	28564
15625	35594
4440	24066
2393	22251
17081	37222
19168	39462
10542	30454
13689	33716
7907	27833
15162	35143
10638	30520
17497	37690
12816	27643
758	20533
65	19837
11150	31043
16375	36475
19584	24746
18362	38566
12474	32527
12140	32189
10297	30947
3117	22831
7045	26807
10086	30031
15997	36013
7815	27666
7392	27213
9208	29154
7716	27549
5889	25195
12648	32705
7601	27418
829	20582
18872	39119
18484	38689
8134	27989
14344	34399
1228	21009
2625	22514
10953	30744
128	19914
11752	31664
13155	33044
6178	25940
16720	38114
1298	19803
18738	38986
6838	26565
5486	25329
1666	21454
17908	38218
1068	20845
7381	27200
512	20313
8532	28389
8675	28535
19379	24571
3000	22717
3816	20903
16622	36729
3468	22434
2866	19701
12237	31450
3889	23477
8148	28005
5705	25535
6200	25965
3335	23080
17541	37736
7705	27537
15005	34995
12275	32210
2416	21517
17589	37807
7904	27767
4488	24115
485	20295
16907	37037
9098	29022
13377	37778
12073	32087
8042	27905
11935	31940
10069	30015
241	20029
3194	22919
10478	30388
18064	38254
9699	29648
3341	23086
18621	38828
13639	33457
16541	36654
5447	25729
2781	22667
8926	28807
7293	27055
7143	26904
13455	33371
5953	25789
4106	23709
11393	31630
4788	24446
16233	36331
6529	26271
3310	25746
6501	33700
9025	23005
3676	23296
6587	26358
8523	28380
12441	32475
3741	19693
10644	30526
10454	30365
8181	28021
16281	36399
3068	22469
17968	38209
16395	36496
10772	30660
6521	26260
8388	28221
14456	34521
1006	20782
13474	33389
17991	29548
16132	36186
7491	27304
6402	26207
9821	29754
7755	33602
14892	34885
10484	30396
3519	23226
9646	33557
17906	32681
12165	39432
6736	26447
1369	33527
16983	37109
18485	38690
8908	25024
6614	26388
19534	25131
11761	31674
14445	34503
17265	37451
3054	22780
14408	34451
2092	21912
8620	28487
8054	27916
13760	38803
1619	21400
6590	26364
1501	21270
7853	27719
14114	34169
9095	29019
18397	38605
6395	26198
15848	35850
3826	23409
12787	30177
9521	29455
63	19835
4181	23785
6902	26640
9529	29464
17227	37402
9431	29360
10234	30176
13552	33578
794	20564
9170	29110
2392	22250
13017	32877
6049	36647
17325	37519
8075	27935
17889	28409
18903	39152
11444	31343
1529	21308
10335	30265
18616	38819
445	20250
12170	31857
236	20025
14838	36821
13070	32949
736	34414
11856	31823
3395	23136
11029	30926
14994	34983
15219	35200
11117	31015
2950	22675
17004	37134
4008	23608
14256	34315
11592	31490
12516	38326
4580	24204
12722	31714
2437	22303
9923	29850
8465	28317
17751	37998
13878	33927
2151	21978
9346	29280
15267	35260
15687	35652
18430	38637
7144	26905
10302	30232
5294	25099
13550	33579
12252	32282
2440	22312
17895	30137
18727	38972
18813	39049
2284	22127
17828	37976
2077	21898
1614	25006
9486	29419
12391	32431
6442	22317
10591	30514
13339	33214
3370	21291
11819	31771
7066	26830
7142	26903
1013	20788
12238	32040
8723	28582
4973	24694
8010	28225
741	20517
5947	25783
14680	33260
10443	30348
18106	38289
2396	22256
5353	25182
5810	31723
15857	35861
16627	36734
3593	36579
19404	26004
16494	36606
2678	22566
1462	21228
5697	33302
2034	21854
14678	32892
16498	36611
4749	35411
19567	38755
15853	35857
4192	23798
12594	21100
7046	26808
1395	21150
11281	31182
3397	23137
15075	35060
13772	33818
1938	21758
2958	22684
4703	27101
15205	35187
10688	30716
16816	36940
1595	21366
7719	27556
9047	28933
17315	37506
17072	37206
4840	24502
8035	27898
17352	37545
597	20412
11385	31285
10537	30448
4824	24484
11271	31170
15103	35088
16	36334
4579	24203
2741	22633
8936	28816
6547	26308
11993	31994
12559	32606
4430	24056
11057	24975
17934	38178
4007	23607
5932	25768
9270	29210
13201	33318
12983	36321
18127	38315
11288	31201
18605	38807
16742	36863
11955	31954
5637	25470
1160	20943
4407	24030
18023	38234
5883	25726
7575	27389
6119	25870
13378	33249
3913	23499
8876	36713
17567	37762
11366	30308
7535	27353
12504	32544
1447	21211
6183	25946
2363	22218
14544	28977
5028	24760
9029	28909
3918	23503
13753	33778
14222	20208
6231	26019
18939	39186
4073	23673
170	19952
3239	22971
7109	26846
12010	32013
7039	26798
3166	22875
11977	31979
591	20406
6470	25300
9540	29474
470	20268
15312	35305
3435	23150
12033	32038
19610	36520
5994	26990
16524	36639
14176	34233
6865	26603
9633	29581
1875	21693
8293	28104
4655	24290
16780	36898
8515	28371
5826	25695
3084	22801
3702	23318
2162	21993
6802	26516
11885	31866
15396	37444
16482	36591
8036	27899
4135	23720
17377	37566
836	20610
13834	33878
7632	27452
2834	31713
5642	25474
11739	31651
12030	32034
3821	23404
16478	36585
4347	34500
14800	34792
7159	26921
17056	37189
19448	21917
7547	24907
4028	19900
5230	24988
12176	31965
14455	34515
15903	35909
2548	22429
9583	29638
11847	31808
18079	38258
3051	22774
18373	23061
9307	29240
12444	32477
12054	32063
2962	22691
4850	24519
928	20710
15069	35054
1146	20928
6131	25885
12269	32297
5335	25145
6873	26611
107	19889
2407	33593
7910	27835
11623	31530
10252	30198
19080	39354
7619	27436
3568	30267
9773	37897
1175	20951
8207	28162
13946	33983
226	20005
5350	25179
13472	33385
4814	24471
14665	31733
1823	21634
5529	25030
6195	25917
488	20298
816	20596
11476	31374
13534	33460
12274	37882
14884	34876
4815	24474
11361	31254
18945	39192
19437	38303
6596	26370
9956	29882
12972	32833
13313	33096
10124	30116
49	19814
4951	24665
8990	28872
10622	33616
481	20280
10865	37476
11888	31828
10322	30253
19152	39436
5271	33780
18333	33635
766	33522
2461	29054
8567	28434
8079	33739
15697	35663
18577	38773
931	20711
14269	34327
5518	21043
17477	37667
19423	36316
3114	22828
13293	33172
5260	25075
8071	27930
10621	30561
1926	21745
323	20119
3906	23491
6772	26482
3057	22783
7722	27548
8069	27928
18433	26295
5734	25552
3835	23419
12909	32768
1803	21608
14199	34259
11694	31594
6959	26705
9838	29577
9937	29862
13213	33104
12361	32396
8120	27977
11919	31923
3761	25369
4131	23735
14798	34790
18399	38607
4043	23638
2450	22331
10877	30773
7970	27829
148	27340
3909	23494
16280	36398
17006	37136
19579	38754
16258	36360
13519	33513
13672	33453
16017	36043
1054	20828
14247	32518
1951	21771
3845	36660
1814	21620
3871	23457
1873	31577
338	20135
17272	37458
10193	30130
1914	21731
1898	21715
9581	29510
8911	28790
17658	37860
14845	22176
16815	36939
17597	33712
15360	37355
6837	26571
9143	29083
16302	36417
15257	35250
2254	22089
17741	37986
19268	35547
17195	37349
817	20597
11558	31498
15392	24364
7862	27727
193	23329
8487	28339
5716	25460
6110	25857
11314	25168
14346	34401
1385	21144
14068	34107
209	19988
16664	36792
2486	22369
19506	23519
6860	26595
8475	28329
11328	31221
11359	31252
17274	37460
7357	38029
6889	26628
16128	36069
16953	37080
14519	34581
3050	22773
842	20618
18075	37954
12956	32817
19282	24507
10485	30398
6362	26164
18898	39146
5446	25728
11097	30993
5222	24957
11202	31097
18593	38788
2698	22559
19449	22189
18132	38325
12112	32161
18997	39244
18187	38388
6654	26423
16952	37079
15612	35575
13919	33958
1106	20886
15808	35804
5422	25254
18269	38472
14715	38099
11352	31245
11048	30943
19076	39349
6207	35230
9971	29898
19542	22406
3165	22873
15964	35903
17057	37190
1420	21174
16022	36048
7398	26544
8669	28533
14434	34478
14551	23861
17965	38154
1893	21709
5082	24810
4104	23707
9862	29790
13566	38091
19013	39267
9194	29136
14922	34915
18386	38592
11185	31078
13978	34013
10319	30250
18057	38253
9436	29364
4300	23949
12266	32294
4460	24087
17911	32680
10403	33580
10765	30653
327	20117
14352	34407
12586	32637
16382	23596
4648	24279
11132	31029
18230	38434
12551	27448
7418	27229
7762	27587
19183	39474
9803	29723
5337	25147
12950	32811
13814	33862
16355	36453
9417	29339
15050	35037
16596	36704
7697	39434
6245	26036
13341	33216
9463	29389
10920	30813
12233	32272
9924	29851
12134	32183
806	20586
18077	38256
9688	29635
11198	31091
4154	23758
15679	25860
15166	35147
12393	32432
17892	29744
15341	35333
17439	37622
10022	29961
4636	24268
17584	37779
4921	24639
8336	28156
12130	32179
7192	26953
19544	22907
7591	27406
1512	22636
17802	33647
12167	31841
5193	24922
18886	39132
8201	28026
18047	38159
12334	32368
6147	25907
2459	22343
9213	32542
11669	31569
6788	26492
11365	31262
5499	33033
8788	27716
8222	28039
31	19792
19001	39253
4122	23725
15887	35888
5905	25737
5437	25270
16958	37073
15449	35368
4965	24676
4035	23605
17827	36098
7987	27848
19453	36210
18889	38727
14901	34893
104	19886
17307	37499
529	20331
1300	19806
4866	24540
13804	33830
12541	32587
3648	31719
13095	32986
9907	29837
8717	28574
143	19930
9945	29869
2796	19725
5252	25053
6271	26064
2359	22213
1219	21001
14260	34318
12796	22961
16299	36415
17425	37609
16000	36017
18729	38974
4088	23688
18004	38204
13088	32977
16307	36385
3247	22982
6727	24721
11033	30930
17359	37551
19479	27801
6483	22321
7538	27356
2799	19754
4781	24439
16859	36991
416	20219
10229	30170
7416	26564
10008	29944
2201	22038
17996	38193
8063	27923
5859	25712
16346	36441
6743	26456
9332	29267
10463	30370
14116	34171
5169	25331
19510	35906
4262	23916
18176	38375
8516	28372
2009	21822
2512	22397
6773	26484
19623	22413
18315	38527
14111	34165
12819	36070
18936	39182
4881	24569
17354	37547
18340	38545
16919	37047
14228	34290
18503	25277
5445	25276
4276	23926
18732	38978
14386	34429
4983	24703
12579	32628
2153	21980
14359	22408
7947	27807
4439	24065
17269	37455
15221	35201
15185	35167
1635	21420
2802	19750
6048	36624
12732	27178
3443	23158
2749	22642
15414	36226
11792	31737
11358	31251
2657	22540
19617	27602
146	19927
5687	25527
11008	30910
10922	30815
15842	35845
17189	37343
3612	23242
2410	22264
3272	23011
4496	24123
2025	21844
1819	21630
6380	26182
7397	26539
11942	31915
3771	19722
4566	24192
12590	32641
10554	33613
16543	36656
5367	25212
17719	37937
16974	37101
5803	29532
2349	22200
1930	21750
4527	24156
11088	30982
13460	33376
10496	30408
13274	33151
7509	27323
19323	22409
11137	31034
3964	23560
7446	27261
10286	30214
13903	33949
14540	28960
4127	23737
11388	31288
390	20189
14162	34218
537	20348
17931	38135
1095	20874
11148	31008
19525	39483
105	19887
17803	37955
7927	27785
9096	29020
11415	35957
7742	27579
5797	25684
6340	26141
6227	26014
19310	35757
5419	25249
2867	19704
6384	26186
819	20599
3622	21030
9774	32093
17509	37702
16320	36428
1783	21588
5119	24868
562	20383
1971	21789
1686	21492
207	19986
13895	33941
13115	33010
12606	32656
15695	35661
15962	38804
9874	29804
10698	30584
10704	30589
11854	31813
10719	30601
16535	36649
9968	29895
10713	30595
9960	29887
5737	25555
3085	22802
9481	29415
9506	29439
5933	29188
1596	21367
16048	28635
2157	21987
984	20763
14183	34240
828	20581
17322	37513
11039	30936
5823	25594
2377	22233
19058	39331
6862	26599
16344	36439
10391	27111
18804	31210
1119	20904
2906	36786
10791	30679
14182	34239
691	33521
10649	30531
12123	32172
6079	25830
1097	20876
4117	23721
11263	31159
17355	37540
10553	30469
8580	28448
4479	24106
11335	31228
712	20323
4477	24104
11395	31293
5605	25713
18226	38429
9427	29355
7431	27241
2578	22457
16756	26529
17085	37226
13013	32873
7838	27692
10327	30261
2158	21989
11138	26292
9384	29318
14253	34312
7373	27192
12583	32635
9204	29148
15647	34707
13839	33886
6967	26716
19035	39303
283	20074
17742	37987
289	20080
15009	34999
14151	34208
15273	35266
14743	34733
13479	33393
6992	26739
7526	27255
8861	28735
8360	28193
13059	32937
13650	33414
6478	34099
15353	35343
12194	32233
8514	28370
16841	36966
10012	29948
1242	21025
17345	37538
2432	23128
14170	34227
5784	25668
205	19984
6741	26453
1546	32307
19283	27922
8367	28200
14061	34100
2343	22194
18995	39239
13884	33930
18164	38363
11622	31528
2631	22517
2467	22351
7723	32128
8461	28312
3405	22284
14674	34128
18300	38509
586	20401
11576	31480
5079	24808
15	19789
17830	37980
13321	27096
17243	37418
1442	21204
11273	31172
9008	28896
11228	31122
3392	23134
17203	37379
5807	31729
3664	23281
9369	29303
3710	23328
18202	38402
88	19868
12941	32802
13891	35400
19358	24611
5159	24912
14524	34586
19352	24610
2792	22198
12188	32225
11445	31348
6345	26146
15706	35672
6269	26062
64	19836
22	19696
1657	21445
4083	23683
1089	20861
6767	26479
6781	25977
450	20254
6471	35638
17378	37567
7443	27258
2688	22569
14168	34225
14172	34230
4459	24085
16210	36302
13640	30649
17108	37249
17775	38033
5964	25799
14742	34732
3074	22795
18547	37214
18815	39050
12083	32098
16062	36123
526	20327
2471	22347
12328	32257
14464	34528
10533	30446
5494	25340
18360	38565
991	20766
1705	21510
3782	19680
13043	32915
1957	21776
12867	32724
16205	36297
19508	35710
11567	30227
12803	32719
14913	34905
13958	33994
4363	24002
8825	28699
6958	26704
2429	22286
10903	30797
18311	38520
8890	28770
19550	26039
3812	23397
14174	34242
11514	31416
2062	21883
7848	27702
19410	20668
17731	37949
10589	26275
10059	30134
5879	24986
17625	37825
4818	24476
15901	35904
15642	35612
17814	23834
1997	21810
9232	29173
13333	33208
7646	27481
3759	19755
17935	38179
18346	38551
8573	28441
4924	24642
16018	36044
13949	33986
5088	24972
19565	31969
6816	26509
732	20506
637	20441
4741	24377
15283	35277
17467	37657
3456	23173
18833	39076
17330	37523
17177	37329
646	20448
9797	29497
12483	32522
6755	26466
7658	27492
18899	39147
5986	26362
2878	19740
5738	25556
10258	36320
4615	24240
13754	33779
6431	21550
10549	30462
8513	28369
7523	27339
3840	23426
1900	21717
19389	24636
11224	31118
17770	38025
8266	28082
14648	20882
12719	27616
13742	33770
14006	20017
7354	27162
17472	37659
15991	36007
16695	36827
17559	37753
12893	32751
17538	37733
18384	38589
16917	31892
6704	39101
7188	26950
14847	34839
11022	21289
17598	38658
15172	35155
9500	29433
15702	29927
10467	30376
8727	28585
4554	24181
15087	35072
4607	24233
6173	25935
12610	32660
15057	35044
1059	20833
18280	38485
13490	33494
11030	30927
12351	32384
11447	31345
4099	23702
4013	23614
14552	28967
15654	35624
10475	30385
2864	29725
15092	35074
7319	27126
16822	36946
12931	32793
16735	36854
11324	31217
9894	29821
7178	26942
12155	32205
17124	37268
2575	22453
2495	22379
14719	34710
2010	21823
19494	31883
17173	37323
14915	34908
6693	25480
8552	28418
15836	35835
16211	36303
11995	31995
17032	37165
15893	35893
10402	27085
1282	31831
4149	23753
10002	29932
16560	36674
16120	36177
2584	22464
6813	26534
11332	31225
5760	25604
16367	36467
9703	29410
5139	24889
3380	23127
12531	32574
17537	37730
371	20169
14836	34695
8007	27870
9656	29614
456	20284
7006	26755
12204	32243
9664	26418
14159	34215
14236	34298
5872	25005
13092	32983
19414	20920
8178	28019
5692	25522
225	20004
1156	20939
2078	21899
15015	35004
8670	30521
10415	19781
7327	27135
13777	33823
13245	32982
2111	21940
8246	28062
7432	27242
18588	38782
10083	30026
18443	38646
4883	24574
18834	39077
7851	27707
4776	24433
2654	22537
11383	31283
6124	25880
5259	24999
17161	37310
11153	31046
14837	34830
18317	38522
7265	27029
18480	38686
1656	21444
9537	22436
13311	33193
191	19971
17545	37738
14821	34813
489	20301
8040	27903
15215	35195
4285	23932
13541	33467
12200	32238
13706	33738
18273	38478
17226	37401
10753	31438
11484	31380
560	20381
6140	25899
11958	31958
2150	21977
10612	30503
2079	21900
5897	25073
8250	28066
9070	29941
18759	39007
6438	23538
4024	23624
10093	30032
164	19947
19541	22405
11845	31806
18706	38951
1973	36390
4710	23837
18042	38147
4661	24297
15395	36223
18449	38654
11699	30966
19447	21916
2666	22552
18622	38831
6655	26424
19505	23518
17929	20140
5493	25339
17101	37243
12034	32041
173	19955
17062	37195
7394	27216
12628	32678
12533	32577
16877	37003
8965	28849
19383	39589
14982	34969
6116	25867
9550	29481
2752	22645
6247	25978
9210	28787
4145	23748
6978	26729
8602	28471
16751	36869
10362	30295
715	19844
14513	34574
6649	26419
3252	22992
17806	38061
7366	27182
4944	24663
9947	29872
12749	23822
15585	35538
11162	31054
8378	28211
16926	32139
7792	27632
15739	35731
4157	23762
6019	25804
9411	29334
14096	34152
15809	35805
7132	26894
16684	36814
17621	37819
8281	28100
14019	34047
8975	28860
15394	29953
8427	28266
19499	34641
18940	39187
6294	22372
2203	22040
5990	26666
5215	24951
12752	23825
181	19961
7644	27479
8236	28051
16576	36684
2527	22416
8994	28878
3627	25997
15829	35827
1834	21648
12930	32792
5846	25589
12389	32424
3400	23126
3080	22797
14629	34660
7914	27772
4373	24012
13331	33206
3592	36003
3168	22877
16948	37074
4074	23674
11446	37781
14420	34464
14071	34110
11247	31142
18927	39174
12398	32439
274	25650
12899	32759
6465	31041
11634	31539
12562	32609
11376	31271
4869	24553
12059	32070
12802	32718
17580	37774
9110	29036
14317	27712
4027	23857
81	19860
15325	35319
3650	31739
3944	23540
5128	24879
17958	38146
4419	24040
2191	22026
14710	34685
18799	39035
10040	29999
19521	37887
8659	28524
16115	36169
8151	28008
4528	24157
16882	37005
11685	31588
18465	25066
6287	26082
8715	28572
1998	21811
3193	22916
16334	36419
1627	21407
5573	25387
15883	35863
12138	32187
12380	32418
18972	39217
1743	38909
13019	32880
5045	24775
15223	35204
884	24693
14324	21816
5273	25047
840	20614
10840	30737
11877	31853
12961	33313
13668	33488
542	20352
11716	31611
15633	31180
17518	37711
10281	29865
1935	21755
19249	39554
18134	38329
16347	36442
6319	26120
1100	20880
19260	39564
17059	37192
9922	29849
15120	35415
17956	38144
5776	25621
6421	26234
18339	38332
1892	21708
16282	36401
5845	25588
17902	38208
15193	35174
12814	34131
99	19880
19029	39297
6634	26404
18358	38563
12330	32362
18173	38373
8115	27971
18789	24530
17766	38020
404	20209
5596	25412
16007	36025
8244	28060
1128	20914
18475	38681
11187	31080
572	20390
4182	23786
12422	32460
10651	30533
17016	37148
5567	25381
19290	39577
11583	32642
14940	34931
8752	28611
4959	34644
4765	24417
3188	22910
3030	22754
3143	22851
11055	21151
10120	30051
10667	30518
15936	35941
12182	32217
5787	25671
9062	28950
10548	30461
3501	24853
16122	36178
6394	26197
8016	27878
19288	39576
12622	32674
7801	27649
3680	23300
743	20519
7593	27409
15416	24368
2188	22022
17811	36030
14089	34143
8948	28832
1464	21347
1958	21777
3101	22818
7840	21176
14988	34977
1613	21213
14285	34346
13399	33281
13033	32905
16558	36673
19397	36198
16339	36436
4287	23934
6393	26195
5618	25429
4679	24315
19426	27443
4544	24288
13508	33405
14570	28992
10376	30312
14115	34170
6943	26686
14766	34757
3130	29495
14750	34740
3465	22098
3469	23185
1983	21797
2320	22004
8474	28327
1959	21778
7229	24354
17041	37174
346	19829
12998	32858
9264	29205
17335	37528
13984	34017
5374	25203
6261	26053
12522	32562
6237	26020
3426	23106
6495	38422
9291	29228
15618	35581
6039	35989
8188	33555
1349	21093
15746	35723
2920	36851
2607	22493
15324	35315
4351	23991
2423	22275
18744	38994
16949	37075
7710	27540
13792	33839
1762	21552
6246	26037
2109	21938
1406	21161
1711	38908
10087	30029
13691	33718
18403	38611
11276	31175
5	19666
17569	37764
15724	35708
14880	34872
19486	30809
16331	22339
18875	39122
12980	31800
12661	20007
7566	27379
10867	24671
4270	35639
2882	37728
6976	26725
12791	22300
10875	30771
13165	33070
16611	36720
11743	31656
1820	21631
13035	32907
14865	34858
3993	23588
2354	22208
3270	23009
10734	30620
12880	32739
14796	34788
19613	24908
13193	33089
5145	24898
7503	27317
10735	30622
6	19667
268	20054
1693	21499
9505	29438
255	20043
6528	26270
7920	27779
8730	28588
1361	33592
10295	30228
14509	34573
11967	31967
11286	31192
5142	24893
8676	28536
6906	26643
2176	22012
10446	30351
17412	37596
5773	25657
10186	30123
2308	22151
1173	20948
15798	35795
4189	23795
7824	27676
18580	38776
19022	37441
10938	30831
9795	29535
10732	30618
3943	23539
14397	34438
17548	37744
11932	31937
13674	33505
17086	37227
5036	24767
6522	26261
8522	21201
7887	27751
2503	22383
17489	37680
4952	24666
4177	23779
8483	28335
18390	38596
12871	32729
5064	24790
4180	23784
14023	34055
4678	21676
965	20740
12366	32401
16586	36696
13083	32972
864	20638
11543	31449
5032	24763
14619	34650
8828	28701
12637	21354
14472	34536
7256	27016
2532	22421
4016	23617
10191	30128
3628	22308
4090	23690
4188	23794
1886	21703
4047	23641
13004	33093
18967	26693
363	20161
19385	39591
9066	28956
14897	34889
9844	29777
2809	35498
543	20353
14100	34155
9517	29451
8426	28265
16898	37026
407	20214
15653	35622
7934	27791
17182	37335
6751	26457
7625	27445
3963	23559
13942	33978
13145	33062
15807	35803
17261	37438
13198	33315
3874	23461
9742	29701
6944	26687
9888	29805
448	20252
302	20097
13123	33018
7844	27698
13117	33012
17671	37872
9432	31509
9030	28917
1380	38924
19467	25439
10685	30500
7694	27534
11115	31013
342	20139
17385	37572
7588	27403
669	36818
7500	27314
6480	36884
3070	33535
9166	29106
11074	30961
18913	39066
10494	30407
10182	30119
9909	29828
1116	20900
4556	22330
6499	26240
13746	33772
17992	38189
6576	26339
13990	34022
18901	39149
18933	28719
5349	25177
12133	32182
18721	38966
14198	34258
8291	19745
6502	26248
1066	20843
6830	26549
6768	25637
17393	37477
13143	33060
15419	37370
19284	29919
8288	19730
9311	29243
1583	21383
8229	28045
17008	37138
13842	33889
7846	27699
478	20276
8210	28160
8814	28680
17291	37481
13723	33756
9071	34840
15721	35703
16448	36553
10380	27071
11404	31303
3455	23172
10202	30141
13920	33959
14787	34779
8323	28140
9588	29516
1223	21005
14262	34320
11542	31448
872	20646
8977	28862
694	20460
10489	30403
4103	23706
4314	23551
3238	22970
9697	29646
15683	38105
11142	31038
4004	23603
6272	26065
5548	25052
5329	25139
3828	23411
18525	38454
16884	37007
13561	33646
6891	26630
7852	27708
13684	33707
9751	29711
17283	37470
8482	28334
5016	24744
1015	20791
5910	25743
8743	28601
45	19809
7525	27346
6989	26561
760	20535
9881	29802
8012	27874
16353	36450
18101	38284
16278	36392
16729	36843
13111	33006
2419	22270
8998	28883
14729	34719
15559	35510
621	20431
6686	32008
13347	33222
103	19885
7260	27023
3815	23400
9804	26354
8902	28781
16976	37102
19153	39437
11339	31232
18849	39095
7065	26827
10021	29959
9754	29713
6497	22320
4804	24463
4224	23869
11435	31331
15201	35185
1706	21511
4753	24403
6970	26719
3733	19720
956	20733
1090	26986
15680	38101
19500	34642
5296	25101
875	20654
9016	28902
5937	25774
18116	38300
3690	23307
4619	24244
10929	30821
5098	24833
4	19665
1374	21115
7492	27305
8379	28212
14188	34247
11442	31342
4218	23863
5369	25199
9694	29643
12162	31839
11756	31672
595	20410
938	20717
8396	28236
11527	31431
746	20522
7263	27179
12904	32763
19651	39641
16389	36487
6185	25949
9371	29305
14564	28985
293	20087
166	19949
6257	26047
12227	32265
17623	37822
5390	25219
2955	22681
6697	25645
14242	34305
19306	24487
2623	22511
3373	23119
19195	39491
15784	35781
4195	23803
12613	32663
13858	33905
8793	28657
2433	22298
18306	38511
17653	37852
5054	24783
10725	30608
2194	22031
5982	24082
10232	30173
4069	23670
12449	32485
19221	39527
10188	30125
5340	25151
15696	35662
10652	30536
3772	19732
4583	24209
201	19980
6132	25887
18513	38707
13402	33284
3314	23055
5136	24886
10908	30801
180	19960
521	20281
10216	30156
2054	21876
17403	37586
3572	23375
9678	29629
11871	31840
4454	24078
8618	28485
1750	21558
698	20464
13254	33131
14855	30565
3020	22736
8685	28544
8826	28700
5524	25018
3641	29063
5882	25725
2624	22513
17230	37405
921	20705
4916	24632
14090	34145
5901	25733
5581	25396
18720	38965
13882	20550
16311	36404
17198	37374
18556	38746
11676	31578
1047	20820
10004	29935
17734	37964
17844	37947
13223	33113
12210	31792
2480	22363
16739	36858
15973	35991
13251	33129
16838	36963
8769	28628
7371	27189
6526	26268
6850	26580
7695	27535
8579	28444
16911	37041
8893	28773
16207	36299
6352	26154
19568	33353
17471	37662
7452	27267
7145	26906
15778	35775
13988	34020
14477	27598
19075	39348
19285	34069
6572	26327
7997	27860
11290	31195
6500	26241
14407	34450
2378	22234
14437	34481
16449	36557
2135	21963
11120	31123
5418	25248
351	20149
12592	32643
1427	21183
7734	27570
17175	37326
16680	36811
11825	31778
14823	34815
112	19895
6324	25934
4685	24326
6994	26741
7606	27423
19424	24813
7344	27153
5753	25592
15672	38109
13422	33326
11466	31365
10835	30734
16951	37077
775	20542
5505	25351
2551	38355
11966	31966
1991	21804
19228	39535
4078	23678
1827	21639
8938	28818
1510	29696
3255	22996
1428	21184
3093	22809
16372	36472
11736	31648
2265	22102
16857	36988
15332	35324
17813	27511
15948	35953
17825	38055
8159	28301
5611	25423
2421	22273
16679	36810
4402	36238
15546	35492
19461	25434
7071	26833
14815	34807
3575	23376
2415	22267
1486	21253
3844	23430
9948	29871
19128	39406
11991	31993
2907	19719
10960	30852
17181	37334
18560	38750
19660	39653
10956	30848
10780	30669
